text,IN,VI,SE,AD,PO,CLEAN
비싼 거시기 했네,SE,,,,,
이건 속은 사람도 심각한 수준이네... 이런걸 속는다면 대체 지능이 어느 수준이라는거야??,IN,,,,,
진짜 멍청해도 저렇게 멍청한가 ㅋㅋㅋㅋㅋㅋㅋ,IN,,,,,
자라고해서 잤다.. 대가리에 머가...,IN,,,,,
무당이 왠 모르는 남자와 자라는걸 그대로 또 한다고?,SE,,,,,
ㅂ ㅈ 주고 돈 뺐기고 멍청 이,SE,,,,,
이건 무당보다 당한 인간이 더 모지리,IN,,,,,
저건 무당말고 글 작성자가 모자란거아님??,IN,,,,,
와... 난 놈이네. 이죄명보다 더 재주가 좋네.,PO,,,,,
ㅋㅋ그냥 하고싶었겠지 돈털리고나니 아차싶은거지ㅋㅋ무속인말 믿는 여자들은 그냥 정신병자랑 같아요 저런것들 덕분에 사이비가 판치는거지 예수도 오랫동안 엄청난 인간들을 속인 교주..신은 없다 신이 있다면 인간보다 뛰어난 대자연 대자연을 이용해 무지한 사람들을 속여온것,IN,,,,,
믿은 댁도 문제요 이러니 이나라에 사이비 종교가 판을치지,IN,,,,,
어떤 지능을 가지고 있길래 저런거에 당하냐...한심한 여자 당해도 싸다 어휴~ 속터져~,IN,,,,,
한 번 속으면 속인 놈이 문제지만 두 번 속으면 속은 놈도 문제가 있다,IN,,,,,
멍청한...아무리 그래도 쌩판 모르는 놈한테 몸을 막주냐?,SE,,,,,
저걸 믿는거 자체가 능지가 떨어지는거 아님?,IN,,,,,
에라이 닭대가냐 ? 동정심이 일도 안간다,IN,,,,,
사기친 쓰레기도 나쁘지만 이런걸 당하는 모지리는 또 모여...참 무속신앙 좋아들해...,IN,,,,,
멍청한건 답이 없다. 사기친 놈도 천하에 죽일것이지만 저 여자 지능은 정말 처참하다,IN,,,,,
이거는 그날 막 땡겨서 하고 싶어서 한듯. 설마 능지겠어??,SE,,,,,
무당에게 속은 사람이 잘못이지... 뭐가 불안해서 무당집을 갑니까?,IN,,,,,
무당의 말에 의존하는 나약한 인간...ㅉㅉ 그런데를 왜 가냐?!!,IN,,,,,
인간이 다 똑같은 인간인 것을..;;ㅉㅉ 무속인 찾아가는거 자체가 한심;;..,IN,,,,,
속인게 대단한거냐 속은게 멍청한거냐...참....ㅉㅉㅉㅉ,IN,,,,,
믿는 여자가 더 문제임.,IN,,,,,
무서운 경상 괴뢰 암컷,IN,,,,,
관종 요즘 지 자랑이 과함 피로,IN,,,,,
근데 남자 보는 눈은 없었나봐요,IN,,,,,
남자가 돈도 벌고 살림도 절반 하고 정자 넣어서 애도 만들어 주면 그게 노예지 부부냐? 당장 때려쳐라 싹수가 노랗다...,IN,,,,,
육아도 아닌 일상적인 집안일을 혼자 못하겠다는 게 실화인가요 여자 생각에 취집왔는데 일은 하기싫고 퐁퐁남 주제에 말을 안 들으니 화가 날만도 하네요 아무리 말해도 절대 안 바뀌고 애 생기면 하루하루가 전쟁 될 게 뻔하고 스트레스에 담배만 늘어 돌연사합니다 몸이 가벼울 때 얼른 탈출이 해답,IN,,,,,
애 낳기전에 본색을 들어내서 당행이네요. 잘 판단하시고 이혼 고려해 보세요. 애 낳으면 돌이킬 수 없습니다,IN,,,,,
여자가 호구 물어네 ~ 이제부터 가스라이딩 시작인가? ~ 저런건 빨리 이혼이 능사고 ~ 더 데리고 살다가는 남자가 범죄자 된다,IN,,,,,
나도 여자지만 저런 여자들 정말 한심하고 답 없는듯. 직장생활 힘들다고 징징 거려서 남편이 쉬게해주고 배려해 주면 알아서 잘 할것이지. 두사람 사는 살림에 머가 그렇게 할일이 많아서 말이 많나 궁금함.어쩌면 제몸하나 가꾸는데만 몰두하고 집안일은 개판으로 해 놨을거 같은데. 남편 출근하면 친구들 만 나서 브런치 먹고 싸돌아 다니면서 노느라 하루가 바쁠거야. 분명히.. 저런 여자들 많이 주변에서 들어 혹시나 내 아들도 저런여자 만날까 무서움. 애초부터 싹이 노랗다,IN,,,,,
하루라도 빨리 이혼이 답이다. 참고로 나도 여자이지만 생각이 너무나 없이 사는 여자들 보면 구역질 난다.,IN,,,,,
대체 뭘보고 결혼했냐? 이혼하고 딴여자 찾아라. 세상에 널린게 여자. 게으르고 과소비하는 여자는 무조건 피해라. 최소한의 감사를 아는 여자를 골라라.,IN,,,,,
전업주부라며. 가사도 반반하자고 하면 나가서 돈 벌어와야지. 전업주부도 하나의 직업이다. 그냥 이혼하고 필리핀 가정부 데려다 일시키고 혼자 사는게 정신건강에 좋을듯,IN,,,,,
씨받이냐... 스스로를 값싸게 만드네. 사랑과 신뢰를 바탕으로 결혼한 거 아니었어? 애 낳아주는 조건으로 결혼한 거야?,SE,,,,,
미친것.....애 놓는게 무슨 벼슬인지...... 이혼이 답이다 저런게 애 놓고 양육하면 얼마나 기고 만장할까 나도 여자지만 애 놓는걸 딜...한다고 너가 애 놓을려고 결혼했냐..묻고싶다 지 스스로 애놓는 기계쯤으로 생각하는게 수준이 보인다,IN,,,,,
전업주부인데 왜 가사를 반반해야하는거지 ㅋㅋㅋㅋㅋㅋㅋㅋㅋㅋㅋㅋㅋㅋ 이러니까 국제결혼률이 올라가는거야... 현재 결혼하는 3040세대들 특히 40들 취집 마인드 장난아님,IN,,,,,
취집,IN,,,,,
한국여자 거르는게 답이네 오로지 지편한것만 찾는 상대에 대한 배려따윈 1도없는 한국여자와 결혼하느니 혼자살거나 국제결혼하는게 답,IN,,,,,
사워하실거면 창문닫고하든지 무슨비명..웃기네,IN,,,,,
다보일 정도의 창문 사이즈면 열어놓지 말아야 하는것 아니냐? 누구라도 눈에 보이면 보게 되지. 여성은 음란공연죄로 처벌 되어야하지 않냐?,IN,,,,,
관음증....병인가? 호기심인가? 지나치면 위험하지만 우연히 지나가다 창문열고 샤워하는 모습을 봤다면 굳이 범죄자로 모는것도 억울하지않을까싶다!,IN,,,,,
침입한 것도 아니고 열린 창을 통해 안쪽을 보는 것이 왜 범죄인지? 내용물이 샤워하는 젊은 여자의 알몸이라서 범죄인가?,IN,,,,,
문을 열고 봤으면 문제가 있는건데 열려있는걸로 봤으면 씻은사람이 문제 아니냐?,IN,,,,,
우연히 지나가다 창문에 샤워하는 사람을 봤을 때 호기심이 발동할 수 있다 창문을 열어놓고 샤워하는 것이 잘 못이 아닌가? 나이를 먹은 남자도 창문을 닫고 하는데 더구나 여성이~,IN,,,,,
반대로 샤워하는 남자를 지나가는 여자가 봤다면? 저렇게 적극적으로 잡았을까? 아마 샤워한 남자를 집아갔겠지. 상습범이라고.,IN,,,,,
도로에서 다 보이는데 창문 열고 샤워를 한다..꽃뱀한테 제대로 걸렸네.,IN,,,,,
참 세상이 많이 달라졌네. 과거에는 냇가에 목욕하는 처녀 보다가 들키면 뭐 보냐며 물 한번 뿌리면 웃으면서 도망가고 이래도 탈이 없는 세상이었는데. ㅋㅋ 조선시대 화가 김홍도 신윤복다 이런 그림을 해학적으로 그리곤 했었는데. 시대가 바뀌었으니 요즈음 시대의 법으로 살아가고 판단 받아야 되겠지.,SE,,,,,
저거 남자가 샤워하고 있다가 밖의 여자랑 눈마주쳐도 또 남자가 잡혀감 여자 앞에서 옷벗고 있었다는 죄로 ㅋㅋㅋ,IN,,,,,
남여가 왜 이리 불평등하냐? 남자가 만일 문 열어 놓고 샤워하면 남자가 공연음란죄 되는거 아닌가? 뭐든지 남자가 불리한게 너무 문제가 많다.,IN,,,,,
샤워하는 것이 보여서 보는 것도 문제가 되나? 사워를 하는 당사자가 커튼을 치든지 하여야 하는 것은 아닌가? 이것이 문제가 된다면 길에서 나체로 서있는 사람을 쳐다보는 것도 문제가 된다는 의미가 되는 것 같은데...,CLEAN,,,,,
이래서 한국남자 한국남자 하는구나 ㅋ 몸에서는 썩은 마늘냄새는 기본이요~ 뇌는 여드름 만한 생식기가 지배하고 가진건 없고 분노랑 성욕만 남은 민족이노라~ 생긴건 엎어진 김치요! 성격은 곰팡이핀 배추니라~,IN,,,,,
검사 판사 들이 문제지 문제에 심각성을 모르고 불기소에초범이고 g 롤이고 반성한다고 집유 때리고,IN,,,,,
뭔 거지 같은 장사치냐,IN,,,,,
정신나간 식당주인이네.,IN,,,,,
장사 중 최고의 장사는 사람을 남기는 거라고 했는데 음식을 남기자고 사람 떠나게 하는 속 좁은 밴댕이가 따로 없네. 저런 밴댕이는 김치로 담궈야 한다.,IN,,,,,
나갈때 여자분은 돈 덜내고 나가버리면 됨양심이랑 상식없으면 자영업하지말아야 안그래요 dipi 아줌마?,IN,,,,,
웃기는 여자네 뻔히 알면서 왜 또 가서는 진상짓이지? 가지마 거기 사장이 오라고 불렀니? 어이가 없네,IN,,,,,
많이 퍼주면 오지게 남기더만..,IN,,,,,
진짜 제발 나 자궁에 지진와,SE,,,,,
지금 맨발이면 발가락 보여줘,,,,,,
어떻게 딸을 칠 수가 있어?,VI,,,,,
쎅한판만시원하게뜨자ㅠㅠ,CLEAN,,,,,
골반 허벅지 보소 ㅋㅋ,SE,,,,,
우리 [이름]이 궁뎅이 살랑살랑 잘 흔드네~~,SE,,,,,
우리 [이름]이 궁디도 잘 흔드노,SE,,,,,
니애미,IN,,,,,
너는 줘도 안 먹어,SE,,,,,
이걸 누가 먹어; 줘도 안 먹겠다,CLEAN,,,,,
나도 딸침 ㅜㅜ 허벅지 만지면 어떤 느낌일까,SE,,,,,
저런 딸들 나고 싶다 나두 저 보지 먹고 싶어,SE,,,,,
딸침 전나아우 ㅜㅜ,SE,,,,,
아니 글쎄 우리 딸이 서울대를 갔지 뭐예요~~,CLEAN,,,,,
똥꼬에 혓바닥 집어넣고싶다,SE,,,,,
여자 가수들은 다들 벗고 하는 짓이 다 왜 이모냥이냐....연예인 매춘굴을 하나 만들어라 차라리...쯧쯧,SE,,,,,
와 슬슬 여름인가; 너무 더워서 재킷 바로 벗음;,CLEAN,,,,,
입에 ㅈㅈ비비고싶네ㅇㅈ?,SE,,,,,
ㅈㅈ,SE,,,,,
ㅂㅈ,SE,,,,,
자지,SE,,,,,
보지,SE,,,,,
창년들 맛있겠고만,SE,,,,,
저게 입은거냐ㅋㅋ 이럴거면 걍 벗어라..ㅡ,SE,,,,,
섹스,SE,,,,,
이걸로 지금까지 한 컵은 뽑았다야ㅋㅋ;,SE,,,,,
daughter감,SE,,,,,
댓글이 더 꼴림 ㄹㅇ,SE,,,,,
꼴,SE,,,,,
꼴페미,IN,,,,,
꼴림,SE,,,,,
멀꼴아바ㅡㅡ,CLEAN,,,,,
저렇게 멍청멍청해도 사는거보면 ㅋㅋ 틀감성이지,IN,,,,,
겨드랑이 페로몬 어필하는 음란한년이네요ㅠ,SE,,,,,
제 두툼한 자지 누나 좁은 질 사이에 밀어넣고 자궁 입구에 귀두 비벼주고 싶네요 ㅎㅎ,SE,,,,,
오줌 찔끔찔끔 지리면서 정액 달라고 조르실듯,SE,,,,,
누나 똥구멍에도 삽입한다..?,SE,,,,,
대장 휘어지는 부분까지 넣어주면 좋다고 앙앙대겠지ㅎㅎ,SE,,,,,
그렇게 피스톤질하다 퐁! 하고 빼면 내 귀두에 누나 똥찌꺼기 껴있겠지ㅠ,SE,,,,,
이거 보면서 한시간동안 가라앉지 않고 있어요 ㅠ,SE,,,,,
조국 수사는 이제 막바지. 기껏해봐야 와이프가 표장장관련 의혹이 전부. 국민을 위한 검찰 개혁이 이렇게 폄하하는 자한당 언제 까지 용납할것인가. 자한당 반드시 청산해야 나라가 한발짝이라도 앞으로 갈것. 이제 적페당에 끌려 다니는 나약한 민주당도 심판하자.,PO,,,,,
보지는 돈 벌어서 좋고꼬추는 섹스해서 좋고서로 윈윈인데 이게 왜 불법이냐,SE,,,,,
빍ㅔ이츠 공산당이다,PO,,,,,
똥고에 들어갔던 꼬치 먹고싶은사람이 없어서 그렇지않겠노,SE,,,,,
보지민국에서 뭘 믿겠노? 보지 믿고그러지,SE,,,,,
문프발 5G 바이러스가 사실이었노 ㅋㅋㅋ,PO,,,,,
문프,PO,,,,,
이잼,PO,,,,,
저기다가 밤꽃냄세 나는액채를 살며시 발라줘라 그럼 냄세 더욱 ㅅㅌㅊ 될꺼다 이기야,SE,,,,,
북딱딱 기분딱!조타다같이 망해보자 이기야!!,IN,,,,,
틀딱,IN,,,,,
잼민,IN,,,,,
피싸개,IN,,,,,
문재인 애미씹창년새끼,PO,,,,,
이재명 빠는 새끼들도 문재인 박근혜 빠는 새끼들하고 다를게 없어...,PO,,,,,
#@이름# 대통령 되면 #@이름# 시즌 *가 될거라 예상했더니 #@이름#근혜 7년의 시즌 *가 열리겠구나. 중국 의존도가 높은 몇 개 기업 줄도산하고 느네 식구들이 길바닥에 나앉아 봐야 이게 아닌데 싶을라나. 하긴 그런 날이 와도 여전히 똥꼬빨 놈들이 득실대겠지만....,PO,,,,,
윤선생  독립군에게 절을하다니 정신 차리세요. 조센징들의 압력에 굴하지 말고 소신을 갖고 일본과 협력하여 좌파정권 중국공산당과 싸워야합니다.,PO,,,,,
정의당 비례대표 찍은 사람들 반성해라 찍을넘 없다고 불쌍한당 밀어주면 이꼴나는거다,PO,,,,,
민주당 떨거지들 어는 누구하나 기회주의자 아닌것이 있나?,PO,,,,,
쇼를 하네 ㅋㅋㅋㅋ 연기배우냐 저당에 있는것들은 항상 저런식이냐 ㅋㅋㅋ,PO,,,,,
#@이름# 공산주의자인가? 국민 세금으로 영웅짓하네,PO,,,,,
저런미숙아가 판치는 민주당이 정말싫다,PO,,,,,
#@이름# 말이 맞긴 맞네! 예리하긴 하네! 내가 찐 우파라서 #@이름# 방송같은 거 한번도 들어본적이 없는데 예리하긴 하네. 좌파의 브레인 맞음. #@이름#은 버려라. 찐 우파라서 한마디 하는데 시덥지도 않게 의원직 던지는 것도 그렇고 #@이름# 스러워. 10년 #@이름# 시대를 펼치게 한 역적넘이랑 하는 짓거리 비슷하네! 언론이 이상하게 띄워주는 것도 이상하고 #@이름#이랑같이 아무것도 업적도 없는데 이상하게 영웅시함. 마음에 안드는 여자임. 415 부정선거도 없다 하고. 그렇게 똑똑한 여자가 모를리 없음.,PO,,,,,
친북 좌익 도륙내자,PO,,,,,
#@이름#은 수구보수주의자들에겐 열열한 지지을 받지만 정작 상식적인 국민들에겐 지지을받지 못한다. #@이름#로는 보수는 대선필패다. 애초에. 평생술좋아하는 칼잡이가 속성과외로 대통령을 하겠다는것 자체가 비상식이다,PO,,,,,
성추행당에도 여성운동가의 대모가 있지. 그도 여성 피해자를 피해호소인으로 전락시킨 역력한 공을 세운 성추행당이 존재하는한 우리나라 정치발전은 영원히 없다. 즉 성추행당은 영원히 없어졍야 할당이 증명되었다. 성추행당의 민낯은 바로 성추행 성폭행이 목적이고 내로남불은 옵션이다,PO,,,,,
지들이 유리할땐 실시간 검색어 미디어 편집권 정부광고 우선권 이런거이 한 마디도 안 하더니만 갑자기ㅋㅋㅋㅋㅋㅋㅋㅋㅋㅋㅋㅋ 어디서 약을팔아? 무조건 정권고교체!,PO,,,,,
우리나라는 저런 가짜 여성운동가들 때문에 페미니즘의 무덤이 되었다. 자기들에게 달면 삼키고 쓰면 뱉고 짓밟는 허울만 페미니스트인 자들의 추악한 내면은 이미 문정권하에서 다 들통이 나지않았나. 그들은 자기들 출세와 금전적 이익을 위해서만 페미니스트인척 결국 페미니즘은 정치에 이용해먹는 여러가지 수단에 불과하다는걸 드러냈고 심지어 여성들마저 안티페미로 몰아버리게 된 것이다. 역겹다 자기들도 여성이면서 성을 이용하는 저들.,PO,,,,,
사과를 모른는 문통 부끄러움을 모르는 군통한없이 작아지는 #@이름#...ㅜㅜ,PO,,,,,
펨베충과 문베충들이 한편 먹었네ㅋ,PO,,,,,
연 소득 5천만원이 고소득자구나 ㅅㅂ 미친 정부야.. 그깟 25만원 안받아도 상관 없다만 니들같은 쓰레기들이 내 세금으로 생색 내는게 아주 좃같구나,PO,,,,,
#@이름# 정권 말아머근것들..ㅊㅋ해..,PO,,,,,
이번 기회에 틀딱 꼰대 보수 정치인들 물갈이하고 개혁해야된다. 틀딱 꼰대로는 정권교체 어렵다.,PO,,,,,
아ㅋㅋ 달레반들 여기서 정모중?? 달레반들아 오늘 법무부 차관님의 지엄하신 모습에 지려버렷다ㄷㄷ,PO,,,,,
국민의힘 의원들은 #@이름# 꼬봉들이나 허수아비들만 있는것같다 저런 철딱써니없는 애송이를 대표로 모시고 굽신거리고 있으니 참으로 기가찰 노릇이다 하루빨리 끌어 내리는게 대한민국이 살길이다,PO,,,,,
이런놈 뽑은놈이 누군데!!! 달나라에서 왔냐!!! 지랑 똑같은놈 뽑아놓고!!,PO,,,,,
지구온난화와 인공지능화등으로 기온은 올라가고 당연히 전기사용량은 증가할 수밖에 없는 데도 시민단체나 주장하는 탈원전을 정책으로 하는 무.식.한 놈들때문에 국민들만 힘들구나,PO,,,,,
일본놈 만화보다는 우리나라 만화가 좋지 ㅎ 엉덩이는 쪽발이 꺼다 ㅎ,PO,,,,,
촉새 #@이름# 때문에 국힘은 폭망하게 생겼네~,PO,,,,,
놀고들있네 니깟게 대통령 아나떡이다,PO,,,,,
뭐 보여준것도 없는 떨거지까지 나와서 공약 이행률 90% 보여준 #@이름# 한테 무협지발언이나하고 이거 민주당 머리가 어떻게 된거아니냐? 야당은 바퀴벌레까지 싹싹 끍어모으는데 #@이름# 꺾고 가면 그 표가 다 니들한테 갈꺼같냐? 진짜 꼴통같은 넘들이네 #@이름# 아니면 난 야당 찍을 생각이다,PO,,,,,
줄서기냐 줄 세우기냐 더럽고 나쁜정치 *번지 아웃,PO,,,,,
#@이름#아. #@이름#가 왜곡을 한두번 했냐? 여태 가만있다가 #@이름# 깔때만 바른소리 하는구나.,PO,,,,,
참 역겹다 자기가 뭐 나라 국민 구세주인양 ??????????????? 천하에 배신자고 역적이면서 꼴부견이다 #@이름#대통령에 부끄럽지도 않나 철면피다 또 한사람 더 있지??????????????? 역대 정권중에 최고로 도덕적이고 국방 외교 경제적인면 특히 국가와 국민을위해 헌신한 최고의 대통령이었고 정권이었다 야당 국힘당은 뭘 했나????????? 사사건건 정쟁밖에 하물며 자기당내에서 후보자가 부실하니 배신자들을 끌어 안을 려고 침흘리는 꼬라지하고는 최악이다,PO,,,,,
중앙일보 석열이에서 갈아탔네 계속 띄어주네..인지도 올려주고 미화시켜주고..대한민국 인물들은 언론에 의해서 죽고사네..언론에 밑보이면 나락이요 아부떨면 대통령까지 만들어 주고..대한민국 최고 권력은 언론이듯,PO,,,,,
민주당과 문정권...이 후안무치 뻔뻔하고 가증스러운 염치를 밥 말아먹은 인간 말종들은 제발 좀 입에 지퍼달고 잠자코 있어라!! 국민들이 이 거짓 음모를 다 보고있다,PO,,,,,
어제 #@이름#이 #@이름# 까대는 모습과 문대통령이 차 한잔 건넨 거 자랑하는 모습 보니 속물에 순수한 모습은 전혀 없는 정치인이라는게 나는 보이더라. 저런 인간에게 지위를 주면 남용하고 자기 왕국 세울 인간임에 틀림 없는데 왜 저런 속물을 중도에서 지지해 주는지 모르겠다. #@이름#이 점잖은척 하며 모든 인사 좌파세상 만들어 썩어문들어 졌는데 하물며 #@이름#은 신사처럼 나라를 운영할까?,PO,,,,,
저 화상 민주당으로 날려버렸으면 좋겠다 동족들이 많아서 자기도 거기가 더 편할 텐데,PO,,,,,
극우꼴통들은 지네 #@이름# #@이름# 잡아가둔 #@이름#에  왜기대하는거지?나이가 많아서 다들 치매인가#@이름#이 옆에서 받들어 총 하다가 이제는 집 나간 개 취급하는거 보면 그냥 별 생각없이 그때그때 지지도 높은 놈이면 무조건 충성하는건가그래 그렇게 추접스럽게라도 살아남으면서 어떻게든 살아남는 자가 강한거라고 자위하면 살아라,PO,,,,,
정말 썩어빠진 좌파 종북 대깨들의 본산지이자 자유대한민국에서ㅈ뿌리뽑아버려야 할 단체들 민노총 전교조 민변 우리법연구회  등등 이것들은 왜 북으로 안가고 자유대한민국에 기생하고 있는가 이것들이 데모를 한다면 #@이름#정권은 그대로 끝이다  전부 일망타진 소탕해서 감방으로ㅈ보내던지 북으로 싸서 보내버려야한다,PO,,,,,
석보 윤씨 코로나 확진자 와 접촉 후 칩거! 윤씨 : ㅇㅓ! 그게 말이야 ㅇㅓ! 진의는 그게 아닌데 자꾸 ㅇㅓ! 일부 반대당 지지자들이 말이야 ㅇㅓ! 쩍벌쩍벌~ ㅇㅓ! 대선 후보가 돌아당기다 보면 ㅇㅓ! 더리더리~ 확진자 만날수도 있지 그걸 ㅇㅓ! 그 코로나는 확진 되도 전염 안되고 ㅇㅓ! 서민들은 걸려도 죽지만 않으면 되는거야 ㅇㅓ!,PO,,,,,
#@이름# #@이름#은 농지법 위반 아니냐? #@이름#처럼 책임져라. #@이름# #@이름# 같은 사람들이 들끓는 민주당은 정말 더럽다,PO,,,,,
세월호때 노란 리본 달고 생난리 치며 #@이름# 하야 외치던 인간들 왜 아무런 말이 없나~~~~!!#@이름#과 민주당의 이중성은 이제 신물 날 지경이다~~~~!!!,PO,,,,,
문제는 국민의 삶을 정부가 다 책임지면 노력하는놈껄 뺏어서 놈팽이들 한테 줘야 된다. 그게 민주당식 책임 방법이야! 어느정도는 본인이 알아서 하게 해줘야 서로 노력을 하잔아!,PO,,,,,
30년전에 출가한 딸하고 아버지 투기의헉하고 먼 상관이야! 공산당 연좌제 부활이냐? 싫다 정말 이정권 유치하고 더럽다,PO,,,,,
아무리 좌좀들이 ㅈㄹ 해도 국회상임위 기밀정보로 흑석동 땅투기한 더불어민주당 쓰레기 그리고 농지법 위반해놓고 아스팔트위에 농사지었다고 개구라치는 영농호소인 #@이름#에 비하면 #@이름#은 거의 공자수준 도덕성이지,PO,,,,,
저면상 보기싫다 넌 말이라고 하니 진짜 모지리 #@이름#이다 정말 답없다 탄핵해야함,PO,,,,,
#@이름# 정부에선 #@이름#-#@이름#-#@이름#-#@이름# 없을 것이 아니라 제거하세요. 그 몸통과 여편네 추종자와 그 그늘에서 선동하는 놈들도 심판하기 바래봅니다.,PO,,,,,
임기 끝나고 감빵행 *순위..국민들 다 알지. 존나도 빨갱시들 빼고,PO,,,,,
신뢰받지못하는자에 비굴한 정치프레임쇼..정치계 삼류양아치,PO,,,,,
검찰 조직깡패 두목에게 사시미칼 주는순간 위대한 대한민국 은 또다시 일본놈들의 속국으로 전략 한다 위대한 대한민국 국민여러분 꼭 명심해야 합니다,PO,,,,,
국민들 힘든건 아랑곳 없고 #@이름# 걱정에 치적 쑈에퍼줄 궁리만하는 거지같은 정권,PO,,,,,
도리도리가 대똥에 #@이름#가 영부인 사기꾼 장모까지 트리오로 그림 끝내준다,PO,,,,,
몰랐을 리가 인나???#@이름# 유세현장에서 경공모 가즈아!엄청 챙기는거 화면으로 다 나왔는데...!이넘들은 증거가 다 있는데도 발뺌을하네...!,PO,,,,,
진장한 친일은 황교이쿠~ 만물일본설 교이쿠니가가라 니뽄으로,PO,,,,,
니 아드냄이는 정말 웃긴다. 지는받고 국민들은 내놓으라고.,PO,,,,,
#@이름# 지지자가 #@이름#딸을 조사하는데 공정한 조사가 이뤄질까 의문이다. 이 정부 들어서 청와대정부여당은 공정을 어디다 쌈싸먹었는지 상식선에서는 이해할 수 없는 일이 너무 많이 일어난다.,PO,,,,,
윤가 20%지지라고... 이런 기회주의자를... 지지한다는 20% 연구대상이다 . 하긴 60년 개교육이 문가같은 사람을 촛불로 입성시켜 나라를 말아먹고 있는데... 이 또한 뭔 미친짓인지... 안목들좀 가져라 뽑아놓고 헛소리들 그만좀하고... ㅉㅉ,PO,,,,,
일본은 국짐당이 언제나 감싸준다..ㅋㅋ 나라 팔아 먹는 새 키들..,PO,,,,,
#@이름# 국토부장관 후보자는 2주택자라고 투기꾼몰이해서 사퇴시킨 국짐당에서 시대적 혜택 쳐받아 4채나 투기쳐하신 #@이름#를???? 진심 보스급 끝판왕 내로남불 시전이네 ㅋㅋㅋㅋㅋㅋㅋㅋ 내가사면 시대적 혜택 남이사면 투기꾼 쳐죽일넘!!,PO,,,,,
#@이름# 대깨 탈출 !!!! 탈출은 지능순이랬는데 지금이라도 안 늦었다!!~~~,PO,,,,,
큰 실수죠 속마음을 그냥 말해버리다니 아니면 그냥 들으라고 일부러 한 말인가요 #@이름#과 회담 같은 것 전혀 관심 없으니 혼자 딸딸이 치지 말랍니다 #@이름# 정부 대일외교는 남북관계 수준으로 처참합니다 완전히 망했죠 연락사무소 폭파한 #@이름#이 정권 바뀌기 전까지 대화할 생각이 1도 없는 것처런 일본도 #@이름# 정권이 바뀌지 않는 한 대화할 생각 조금도 없습니다,PO,,,,,
방역실패 주범이 할말이냐? 아직도 짱꼴라 입국 안막는넘이?,PO,,,,,
뻑 하면#@이름#정신ㅎㅈㅇ그리할말이없나?국민은한심하고 지겹다국민이 좀 잘 묵고잘 사는데 ㄷㄱㄹ 써라!,PO,,,,,
좌익은 윤의원 사퇴의 뜻이나 알까?? 오직 돈 돈 ㅋㅋ,PO,,,,,
#@이름#가 청와대가서 대통령 빨아대는 이유가 있구나.,PO,,,,,
한걸레 출신 #@이름#이 주도한 언론재갈법 너들이 야당일 때 언론자유를 수천만번 외쳤다. 권력을 잡으니 비판 언론이 정권유지에 걸림돌이 되니까 언론자유를 말살하는 짓이다. 언론자유를 말살하는 것은 민주주의를 말살하는 것이다.,PO,,,,,
가짜뉴스 분열뉴스 대표기레기 조선~ #@이름#이에게 미련을 많이 가지고있네~ #@이름# 장모 와이프 범죄경제공동체~ 자기범죄들어날까봐 총장재직시 현정부 비리 파헤치는척 피해받은척 코스프레 쩐다~ 장모수십억 국가돈 꿀꺽하고 구속되고~ 수백억 사문서 위조 재판중이고 #@이름#와이프 #@이름# 사기공모에 불법기부금수령 더우낀건 이름도 바뀌고 얼굴도 성형으로 바꿔 검사남편도 바꾼~ 희대의 모녀사기꾼에 그보호막 #@이름#이 ~ 이런놈을 수구적폐티케이틀딱들 뭍지마지지해서 현정부 무조건반대하는 쒸레기들 악마들~ 솔직히 이런놈이 대통되면 탄핵된다~,PO,,,,,
아직도 #@이름# 지지하는 놈들은 전부 다 십자가에 못박아서 광화문 앞과 경부고속도로에 일렬로 쭈욱 매달아야한다. 진심 역사상 이정도로 OOO들은 없었다. 핵뻘갱이들,PO,,,,,
제목만봐도 조선일보 ㅎ 매국노보수언론,PO,,,,,
그런데 이제명은 625를 미군점령군 침략이라고 생각하고 있는자가 대똥이 되면 나라 진짜 아프간처럼 대똥 된다. 이제명을 제명시켜야 한다 대한민국이 산다.,PO,,,,,
#@이름#같은 비정상적인 사람을 기관장으로 세운 너희 #@이름#당.. #@이름#은 정상인지?,PO,,,,,
확실히 알았다 #@이름#보다 무능하고 #@이름#보다 어벙한 놈ㅉㅉ정치 경제 외교 안보 보건 뭐 하나 아는 거 하나도 없는 어리버리한 놈 허수아비 얼굴마담으로 옹립하고 실세 휘두르려던 운동권들의 작품 = 대한민국 4년만에 OOO나는 중 다음 정권쯤 되면 그 여파가 파도처럼 밀려올듯ㅡㅡ,PO,,,,,
그냥 콩가루 정당인데 뭘 새삼스럽게,PO,,,,,
그래도 야당이 대통인물이 많군 여권은 정말없음 #@이름# #@이름# 부끄러운인물이다.#@이름# 허리멍텅 이중인격자 #@이름#은 부끄러운인간쓰레기 누구하나 내세울것이없는인물,PO,,,,,
가짜국개들이 득실거리는 대한민국국회대법원은 연수을재검표과정에서나온증거를 바탕으로빨리선거무효선언하고 415부정선거특검으로 정상국회만들어야한다,PO,,,,,
??같은 정권. ?? 같은 놈이 대통령 자리에 앉아 나라 말아 먹고있다,PO,,,,,
#@이름# 캠프에서 미리 줄 서서 그 안에서 완장질 하려는 의원들 진짜 꼴보기 싫네.,PO,,,,,
일본의 극우수꼴인 산케이는 혐한인데 어째서 한국의 극우수꼴인 #@이름#은 친일인가,PO,,,,,
민주당의 이중대~ 선택적 폐미집단!,PO,,,,,
?기사 요약 : 여당 지도부도 자기네 당이 비상식적이고 사이비화된 거 아니까 정상 정당으로 어떻게든 바꿔보려고 진짜 진보적인 면접관들 데려왔는데 대깨문이랑 대깨조들이 발작해서 실패한거임.,PO,,,,,
골통 #@이름#아일보 와 조 중 #@이름#은 언론중재법통과되면은 친일매국언론이 사라질것이 두려운 것이다 우리국민의 다수가 언론중재법개정안 통과를 원하고 있다 그런데 조 중#@이름#은 일본언론이라는말인가,PO,,,,,
아직도 눈감고있는 국민이 있다니... 할줄몰라서 안하는거아닙니다. 하면 본인피해볼까봐 자리지키기 급급이죠..ㅋㅋㅋ 이런집권당 만들어준게 우리국민입니다. 내눈깔내가 찌른격이죠.. 법안맘대로통과... 부동산..대출.. 모든규제  민주당이 집권당이니 손만들면통과  지켜보는국민 뒤에서한숨만...,PO,,,,,
민주당 넘들 온갖 못된 짓거리할 때는 한마디도 잘못을 인정하지 않더니 국힘에서 애매한 발언 나오니까 부플리고 모함질하는 민주당 내로남불 남발하네!,PO,,,,,
대통령이 허수아비구만 그럼 대통령조종하는게 비서관들이구만 한심한대통령,PO,,,,,
내부분탕질을 열일하는 배신 #@이름#와 #@이름#은 진짜 추악한 탐욕의 화신같다. 깜도 안되는 모지리들이 단체로 지룰하는것을 보면 보수꼰대들이 너무 싫다.,PO,,,,,
좌파가 정권을 잡으면 나라를 이렇게 골고른 망해놓는구나! 다시는 안속는다!,PO,,,,,
조로남불과 언행불일치에 인성부재의 철면피에 똥 묻은 개가 남 탓 하는 꼴을 보기가 넘 역겹습니다~~~캬~~~악,PO,,,,,
#@이름# 대통령이었으면지지층이고 나발이고 저런 더러운 짓은 하지말라고 입장 표명했을껄~~근데 #@이름#은....ㅋㅋㅋ정의는 개뿔.,PO,,,,,
경선준비위원회는 경선준비하는 곳이지 경선 운전대를 니가 잡으라고 하는 곳이 아니여. 당내 불공정은 지가 다 만들고 불협화음 유발자가 이런 소리? 민주당 끄나풀 아닌가?(?) #@이름# 역선택과 함께 찌그러져라.,PO,,,,,
딴거 없다~무능력한 애들을 기용하는건 누구 잘못이냐? 최종 허가자인 #@이름#이자나~ 따른것들이 최종 임명자였다면 그것들을 족쳐야지만최종임명자는 그래도 #@이름#이다~딴거없다~ 탄핵해야된다 한달아니 하루가 남았어도 탄핵 들어가야된다 이나라를 그 짧은시간에 망하게한 그 책임을 져야한다,PO,,,,,
잘되면 지들공...잘못되면 모조리 국민탓...개.....,PO,,,,,
다른후보는멸치래 우리국민들의 식탁에가장많이오느게멸치인줄 모르고 한 소리인것보면 돌고래가 아닌 돌머리 같네요.,PO,,,,,
국힘당은 재생불가당임! 오죽하면 #@이름#같은 애가 당대표하겠니?  그냥 호구당임.  거기 들어가봤자 #@이름# 주댕이 더 나불대는거나 듣지!  야당대표가 여당 똘마니인지!,PO,,,,,
넌 안돼 이눔아! 이런 정치는 나도 하겠다.국민을 얘기하고 있지만 결국엔 너의 안위를위한 정치 쇼를 하고 있잖아~,PO,,,,,
아 그래서 이 나라 이렇게 분열되고 경제가 막장인데도 민주당과 문재인은 책임 안지는구나==더러븐 민주당 넘들아,PO,,,,,
그렇지 그 넓은 경기도에 불나는곳 마다 도지사가 있을 순 없지 근데 보고는 받았을거아냐? 그럼 떡볶이는 처먹지 말았어야지 그것도 방송항션서 그것도 #@이름#상하고,PO,,,,,
표퓰리즘? 자영업자들 다죽는데 ! 야당 이뭐하는짓이야,PO,,,,,
대통령이라함은 대한민국 자체에 대한 첫째도 둘째도 셋째도 애국심이다 그리고 국정에 대한 무거운 책임감을 가진자이다 그동안 평등공정정의는 죽이고 국세를 사유재산인것 마냥 탈탈 털어 써버린 이 대한민국을 또 꿀꺽해보겠다는 야심만으로 가득찬 자가 무슨 자격으로,PO,,,,,
참 모지리네. 정말 돌아다니고 입 열때마다 원래 저런인간이었었나싶음! 그러니 #@이름#같은 여자와 결혼했겠지만! 술 좋아하고 여자좋아한다는 말이 맞나싶음! 그래서 그렇게 민주당이 빨리 나가서 정치하라고 등 떠밀었구나! 그렇다고 그 장모에 그 와이프를 둔 인간이 진짜로 정치판에 뛰어들다니! *수씩이나 하면서 사법시험 보는 사람이 정상일리는 없지!,PO,,,,,
구체적 대선공약도 없는 언론이 만들어낸 허수아비 2분~~~,PO,,,,,
더불당것들아 니들부터 수사받고 그런말해라 .정신병자 내로남불 집단들아!,PO,,,,,
늙깅이들이 부정선거 조작 이딴 음모론에 빠져 있을수록 국힘은 앞으로 더더욱 추락할거다 ㅋ,PO,,,,,
부산2030의 희망 박형준~~ 청년들이 밀어준  박시장의 수준이다!! 오거돈 이 쓰레기만 없었어도.....,PO,,,,,
좌좀비씨가 이정도면 현실은 얼마나 차이나는거야;;;ㄷㄷㄷ #@이름#이 꼴똥이긴 하구나...,PO,,,,,
여가부 저번 할매장관은 언제 바꼈데? 교수들 휴양지가? 명언 한마디 남기고 조용히 갔네 그려..ㅋㅋ,PO,,,,,
북한고위간리가 국민의짐에는 국회의원으로 침투해있다,PO,,,,,
이것이 문가놈의 지적수준 이다  상황판단이 둔하고 업무의 완급을 파악 못하고 내편밖에 모르는 껍데기 인생이다,PO,,,,,
날씨가더워져서 그런거니? 원래가그런거니? 한심한문가와 그패거리들.어디 #@이름# 시대에나 들어보던 표현을그대로쓴다는게 참으로 우습구나.,PO,,,,,
추마녀말하는꼬라지하고는.? 너네 울보아들도 곧 법의 심판을 받게될텐데 아닥하고 있는게 더 나을껄,PO,,,,,
개돼지 30%는 국힘당 그래도 지지한다 ㅎㅎ,PO,,,,,
대통령 하고 싶으니 정권교체 라는 말을 씨브리는 것이다..한국에 친일 왜구들이 일정부분 많이 있다고 생각하니 이 두사람은 친일 말언을 서슴없이 해대고 있고.. 그것을 용인하는 보수 언론들이 있다,PO,,,,,
#@이름# 저 넘 점점 더 꼴통으로 가네 저러니 당 지지율이 저 넘 대표된 이후 계속 하락하지 첨엔 신선하다 생각했는데 가면갈수록 꼰대짓에 말도 안된 논리로 자기 합리화만 하니 국민이 좋아하냐.. 참나 어이없네,PO,,,,,
민노총 신발끈들아 인천초딩들 우짤겨 니들이 사람이냐 나라 좀먹는 쓰레기들이지,PO,,,,,
그래#@이름#야 윤가 지지층 중도 흡수하고 진보정권 집권에 일조해 봐라 그래봐야 지지울 2%도 안되는 폐가지만,PO,,,,,
참전용사야 말로 그 나라에서 가장 표창 받고 기려야할 국민입니다. 나라를 부패에 쩔은 약골로 만들려는 문주당 정권은 역사의 심판을 받을 것입니다.,PO,,,,,
아니 #@이름#이 수사를 안받겠다는것도 아닌데 사퇴한걸 수사거부로 말하는 민주당 지지자들은 뭐냐? 니네 민주당보고 어서 빨리 사표수리 하라고 해. 일반인 신분으로 수사 받겠다는 거잖아. 의원나리들 그 잘난 면책특권을 사용하지 않겠다는거잖아. 차암 비교된다 #@이름#이랑.,PO,,,,,
교통상황만 잘 전달해...좌파꼴통 ??,PO,,,,,
예전 한나라당때부터 현재 국힘당은 하나로 뭉쳐싸울 생각은 안하고 개개인들의 발언들이 여러갈래로 나뉘는 오합지졸은 국힘당 종특이네. 아무리그래도 #@이름#이 당을 대표하는 사람인데 불특정다수들이 다보고있는 SNS에 그것도 내부자라는 사람이 #@이름#대표를 그렇게까지 폄하하면 국힘당 전체 브랜드퀄리티도 개작살나는거 모르고 그러는거가?,PO,,,,,
#@이름#가 하는짓을 보면 어린것이 선 무당처럼 쪽집게도사 행세를 하는것을 보면서 적폐잡것들 속에서 못된것만 배운것같구나!,PO,,,,,
아니 지금까지 페미 정부 페미 정치인들이 해준게 얼만데.......설마 이걸로도 부족해서 더 해달라는거야?????,PO,,,,,
웃기는 더불알 당 ?바지함 벗어봐 ?구경좀하자코#@이름#땜시 바깥구경도 못했는데 티비로 아랫도리구경함 해보자 ㅋㅋ 저런인간을 대선후보라니 ?,PO,,,,,
여보세요 국방부.이런 이벤트 내지 퍼포먼스 그만들하시고. 민간 영양사 투입 하시고  취사병들의 과도한 업무량 줄여 주시고  특히 보급계 관련  그간 삥탕 프로세스 막아 주시면 됩니다. 고작 한다는게 로봇을 통한 여론 환기. 이직도  똥인지 된장인지 모르시나요?.  **군번 보급계 하사 출신이 감히 올려요.,PO,,,,,
좌파의 신격화의 시작. 사이비 종교들처럼 스스로 신이라 하겠군,PO,,,,,
쇼하고 있네 지들이 만들고 뭔짓거리? #@이름# #@이름# 당신은 뭣도 아닌 박쥐잖아.이리갔다 왔다 하지마라.여가부? 사악하지.나도 학교에 포로노같은 동화책들여놓은거 알고 항의해서 다뺐는데 당연히 패지되야지 세금만 보건부에서할당받는 흡혈귀같은 조직이니까.근데 니들은 아니야. 더한것 만들려고? 웃기지마라 니들은 이미 정체가 드러났잖아.특히 #@이름#.난 한때 니가 정말 국민을 위해 싸우는줄 알았는데...아니더라.니가 #@이름# 같은 놈인걸 아는 지난 4년은 아주 배신감에 심란했었지.문정권동안 지옥속에서도 감사한건 너같은 가짜가 누군지알게된거,PO,,,,,
우리이니 집값 50프로 이상 올려서 빈부격차 높이고 짱깨돈 먹은 who권고 들어서 듣보잡 짱깨 백신 격리면제 해주고 델타 퍼지는 와중에 우리 이니 무능함때문에 백신 맞고싶어도 못맞는 2030 탓해둬서 고마워~~^^??????,PO,,,,,
하나하나 들춰볼수록 진짜 뭣같은 집단이네. 이들에겐 인권조차도 내편은 있고 니편은 없다? 에휴. 혹시 친문이란 정신병자광적내로남불집단?,PO,,,,,
#@이름# 너같은종자는 저세상갈놈이다 문빠대장에 민주당*인자,PO,,,,,
#@이름#이 어린녀석이 싸움닭이었어? ㅋㅋ.  당 대표가 되더니 여기저기 다툼만하네...  정치를 타투는데서 시작하는 어리석은 녀석이었어...   좁팽이 처럼 시각이 좁고. 입만 살아가지고 뭔 말이 그렇게 많냐?  정치를 말로하나?정치프로 패널에 어울리는.애를 당대표를 시켜놓았으니얼마나 어설프냐?  #@이름#이를 바꾸자 #@이름#으로는 정권교체 없다.,PO,,,,,
누가봐도 이길선거였는데 왜 나라를 뒤집어놓았노 잘하기라도하던가 말 안되는 말 만 늘었놓는 그쪽동내 패거리들 역사에 길이남을 적폐로다,PO,,,,,
줄꺼면 다 똑같이 줘야지 왜 차별하냐 ??? 대선표 깎아먹는 소리 들린다 !!! #@이름#정부의 인선이 최대악 !!! 개뿔도 먹히지 않는 화합 때문에 호랑이만 키워놓고 진짜 화가 난다 !!!,PO,,,,,
중국 공산당 인민기관지 한걸레는 폐쇄시키고 기레기들 전부 서형시켜야 한다! 차별 같은 소리하네 ㅉㅉ 중국 공산당 추종하는 매국노 기레기들 주제에 ㅉㅉ,PO,,,,,
#@이름#아 후달리지 ㅋ니가 무슨 대통령감이고 인성도 안되면서#@이름#씨 조폭들 풀수도 있으니단디 하이소,PO,,,,,
조국의 가족공동체는? 이것부터 답해봐라내로남불정권아.,PO,,,,,
ㅋㅋㅋㅋㅋㅋ 개웃기네 윤씨는 말만하면펑펑터지노개콘이 이러니 망했지ㅋㅋㅋㅋ,PO,,,,,
종북 친북 좌경 무리가 나라 안보를 허물고 있다.,PO,,,,,
광주붕괴 참사 주범은 잡았냐 ? 말이없네 앞으로정부관리들 여당대선후보들 얼굴은 모자이크처리해주세요 부탁드립니다,PO,,,,,
세계적인 추세에 맞게 노땅구리에 꼰대 근성만 가득 남은 퇴물 대통령님의 탄핵을 촉구 합니다!,PO,,,,,
여론조작 문씨 좋아하는 사람한명도 없는데,PO,,,,,
더불어민주당 비판관련 법도 만들지 나라를 망치는 반역 자들아  미 친 ?,PO,,,,,
무능력.. 촛불아니면 대통령 될수도없는 인물인데.. 운이좋다 코로나도 실컷 써먹고,PO,,,,,
어디서 농지법위반 운운???. 이 정권은 입이 열개라도 입 닫고 있어야 그 자릴 지킬 수 있다. 이것도 모르고 들개처럼 달려들면 더 악독한 내로남불 위선 제*탄이다. 인간답지 않는 탈을 쓴 미친 들개들이다.~ㅋ,PO,,,,,
개나 ㆍ소나ㆍㅉㅉ#@이름# ㆍ나라꼴 이렇게 만드네민주당 정신좀 차려 ㆍ개혁이 제대로 안되니ㆍ물러터지니 ㆍ국민을 우습게 보는 족들이 많아지잖아,PO,,,,,
아낙연.#@이름#둘다대통후보에서내려와라.#@이름#도착임지고 대통자리에서내려오길.지들이범죄저질렷다고시인을하고잇네.썩은것들.,PO,,,,,
또 앵벌이 하네 ///// 지랄같은 산적XXX. ~~~~~북에는 언제 민중봉기가 일어나나. /???참으로 깝깝하고 죄를 짓는 마음이다.???? 때중이 #@이름# 그리고 문까지 그 독재자 수명연장시켜줬지 ~~~~~나중에 나중에 꼭 역사적 심판받을꺼다. 즈금도 북한주민들 아우성치며 죽어가고 있지.....,PO,,,,,
좌빨들은 그놈의 감성팔이 말고는 할 말이 없나?멱겨운...,PO,,,,,
민주당이 재집권하면 나타나는 미래에 대한 설명 같군... 대선 뿐 아니라 다음 총선에서도 정신들 차리고 투표해야 합니다. 어딜봐서 #@이름# 같은 놈이 당신들을 대표할 수 있습니까?,PO,,,,,
팩트체크는 하고 가자. #@이름# = #@이름# 대통령님 탄핵 주역!! 야당내 #@이름# 지지자들 = 언제든지 자기 줄 끊어지면 주군 배신할 간신배들!!!,PO,,,,,
아주 가관이네~~!!ㅋ 민주당 정의당 니네  쓰례기들청소나해~~   꼴값을 떨어라~~ㅋㅋ,PO,,,,,
햐~~~1950년대로 회귀해서 좌.우를 다시 논해야하나..진짜 이 나라 정치권애들 정신이 제대로 박힌거임?,PO,,,,,
진짜 모지리네 윤씨 정부에서는 아주 피바람이 불겠어,PO,,,,,
#@이름# 사위 서모씨??? #@이름#를 정권 초기부터 태국으로 숨겨버린 #@이름# 정권!! 우리들 병원 불법 대출사건이 뇌관!! 대기업도 관련된 권력형 비리사건으로 드러날 예정!! ㅋㅋㅋㅋ 언론 재갈법을 밀어붙이는 이유가 #@이름# 정권의 권력형 비리사건을 덮으려는 ?? 수작! 전 정권에서 #@이름#과 #@이름#를 잡아낸 청와대 특임검사를 없애버린 이유가 권력형 비리사건을 덮으려는 ?? 수작! #@이름#의 사위 서모씨의 비리가 드러나고 있다! 이스#@이름#공의 #@이름#은 조력자로 금뱃지 달은 것!! 비리사건의 몸통은 청기와집이다~~~!!!! 모조리 깜빵으로!!!,PO,,,,,
민주당엔또라이들이참많아!,PO,,,,,
젠더 갈등은 애초에 여가부 페미들이 만들었지 근본부터 따져봐라 머가리 왜 들고다니냐,PO,,,,,
#@이름# 응원한다 #@이름# #@이름#같은 뒷통수들은 정치에서 퇴출시켜야한다 사정기관 수장으로 자신들의 정치를 위해 사정기관을 이용한것은 정말 부도덕한 일이다,PO,,,,,
언론 길들이다 안되니 우리에 가두고 몽둥이 찜질로 잡고 가겠다는 너희들이야말로 최악의 정치인이다. 언론 보도 자유가 없어지면 너희 국개의원들도 바로 사실이 아닌걸로 떠들면 재갈물려 감빵 가야되는거 아니냐?,PO,,,,,
미국이 점령군이라는건  팩트잖아!  미국에 기생하는것에  길들여진것들은  광분하겠지만!!  공부도  줏대도 없는것은 석열이  맞네!!,PO,,,,,
#@이름# #@이름# 이런사람이 지지율  좀 나온다고 대선출마  한다것  자체가 넌센스입니다. 외교를아나 국방를아나 거시경제을아나 국가를 운영할수 있는 기본적 소양이나 훈련이 돼 있다고 보는 사람이 있나??. 이미지  하나로  당선된 무능한 #@이름#같은 사람 또 뽑으려고 하나??.  이제는  정치경험도 풍부하고 정치생활도 산전수전 공중전 특수전까지 경험한 #@이름#같은 사람이 대통령되야 180석가진 거대민주당을 강력하고 노련하게 이끌어 갈수있다고 본다.,PO,,,,,
#@이름#과 #@이름#이 문정권과 약간의 마찰만 있었다고? 지금도 눈만 뜨면 추하게 미친 애처럼 씹느라고 세월 보내는 것들 투성이인데. 또 부끄러워해야 할 것들이 청와대에만 있나?  민주당 꼬리표 단 것들 모두는 아닐까?,PO,,,,,
니네들 정체성이 대체 뭐냐 #@이름#이 제대로된 대안임? 그냥 반민주당의 최일선에서 허수아비인 사람일뿐임 제대로된 검증 #@이름#털때처럼 하자 그때는 반정부인사 탄압이라고 하려나 칼을 휘두른만큼 돌려줄때지.....,PO,,,,,
평생을 월급쟁이로 살다가 감히 나라를 운영해보겠다고? 세계역사상 성공사례가 전무함은 물론 어찌 가당키나 하겠나? 곤장 백대로 다스려야할 파렴치벙들이다.,PO,,,,,
중국몽은 느그 박그네자너 ㅋㅋㅋ 키즈야 ㅋㅋ,PO,,,,,
개#@이름#이기는 내부총질 배신질 고만하고 #@이름# 캠프가서 걍 바미당 대선후보 나가라.. 촉새짓으로 폭망해봐서 의리와 묵직함을 알게될거다.,PO,,,,,
어슬픈 #@이름# 정부   아마츄어 들이냐  한심하다저런자들을  정부라고  미친거지,PO,,,,,
여사병 성추행 하는 인간이나 자국 병사를 사지로 보내면서 챙기지 않는 인간이나...! 뭐하는 정권인가..! 쑈만 한 줄안지 무능한 정권..! 내편이 아닌 것 같아서 퍄병에서 죽 던지 살 던지..!,PO,,,,,
똥개들 모여서 장난질하는구나 저런것들 잡아들이는 법 만들어라 대깨당들아,PO,,,,,
쓰레기만도 못한 좌파정부 정권 바뀌면 싹 다 깜방 간다,PO,,,,,
썩어빠진 언론 뿌리깊은 친일세력 거기에 기생하는 영혼없는 정치세력을 모조리 쓸어버릴 사람은 현재로선 #@이름# 밖에 없다고 본다. 시#@이름#형이 더 적합하겠지만...,PO,,,,,
문통님  국짐당은 죽었다 깨어나도 못따라간다,PO,,,,,
그나물에 그밥들이지.. 국민은 안중에 없고 제밥그릇 챙기기 바쁘지..무능한 선무당 신적폐들~,PO,,,,,
죄명아 빨갱이티를 너무낸다. #@이름# 누님때문에 문제가 생겼냐?갈팡질팡 정신없어 보여~,PO,,,,,
k방역이 이거였구나.#@이름#땅식 개나발 이바구. 검찰개혁 그것땜시 이래개판 됐다구 아가리질 혀라.,PO,,,,,
대통령과.영부인은 대한민국에 얼굴인데장모는 사기꾼에.마누라는 #@이름#고.대통령은 국민의짐허수아비고 그렇게되면 참 볼만 하겠다세계 모든나라가 비웃겠다,PO,,,,,
보수나 진보나 돌아가며 나라망친 것들이 지들끼리 얼굴에 침밷으며 쳐놀고있네 전라도 경상도는 늬들끼리 독립해서 살아라.지들이 나라의 주인인양 깝치고 사네 OOO이,PO,,,,,
민주당 그 투기꾼 양아치들 한명이라도 사퇴한인간있나 누구좋으라고 사퇴하냐 왜 책임은 니들만 지냐고,PO,,,,,
미친것.완전히 #@이름# 빨갱이 조만간 임기 끝나면 감방갈준비나 해라~내 세금 돌려다오,PO,,,,,
에제 출마선언을 보고 느낀건데 #@이름# 이분 비젼도 없고 그져 풍채좋은 부자집 한량스타일 결국 열굴마담으로 대통령을 하려는 참어이없네요 그래서 국짐당으로 간것 같은데,PO,,,,,
미친통닭당 국개였던거와 닭몰아낸 개#@이름#의만남...등신들 민주당 이기기위해선 웬수와도 악마와도 거래할것들...,PO,,,,,
#@이름# \친문 요란하고 지저분\ 맞는 말인데 \사실과 다르다\ 수습 ㅋㅋㅋ이래서 #@이름#이란 놈 교활한 기회주의자란 거다 친문 표 좀 얻겠다고 ㅋㅋㅋ,PO,,,,,
전쟁후 휴전중인 북한은 우리의 주적이다.민주당 니들이 진정 대한민국 국회의원이냐..#@이름# 더불어공산당 반드시 척결하고 정권교체해야한다,PO,,,,,
일베왈; 어디 감히 일본을 섬기는 조선에 대한 망언을...일본을 섬기는 우리 조선일보 400백만 구독자가 있는 한 독립은 요원하다.덴또헤갑 반자이! 반자이! 반자이!공산주의자 #@이름#를 북한괴로군에게로~,PO,,,,,
#@이름#치하 4년간 국정전분야는 재앙수준으로 파탄낸 무능 무책임한자들이 쇼하나는 우주최강이네. #@이름#정부의 종특이냐.,PO,,,,,
막가파정치다. 자유민주주의 시장경제근간을 뒤흔드는 사회주의자. 쓰레기다.,PO,,,,,
본인 의원직 사퇴하라니 그건 또 다르단디 ㅋ 갈수록 엄중한 윤씨네 ~ 캬~ 갈수록 음흉본색 드러나네,PO,,,,,
경향도 따불당 편임을 자진신고 하고있네. 야당 후보 흠집내기에 혈안. 이것도 흠이라고 생트집.,PO,,,,,
차기대선은 공산주의자들은 누가 나와도 99.9% 낙선 합니다,PO,,,,,
윤은 #@이름#를 당대표로 인정 안하지 철두철미 권위주의 꼰대 의식이 몸에 배어 어린놈이 감히 라는 생각 밖에 안들거야,PO,,,,,
민주당니들 세종시 아파트 하나씩 가지고 있지? #@이름#은 세종시 땅 어마어마하게 사놨다고 하던데,PO,,,,,
분당해라~~극우박쥐당이랑 가짜보수당 결별~~,PO,,,,,
민주당 똥팔육들이 더 이상 나라 망치지 못하게 국민이 나서야 한다.,PO,,,,,
기자놈아 국민들이 수십년간 정치판에서 굴러먹으면서 교활하게 착한 국민들 속여가면서 빌붙어 기생하는 정치꾼놈들보다는 정치판에 물들지 않고 어는 정권에도 아첨하지 않고 국민들만 생각하면서 업무에 충실해온 간교하게 포장되지 않은 #@이름#이같은 양심적인 사람이 대한민국 대통령이 되어보라고 전폭적인 지지를 보내는것이라고 물론 문가놈을 맹종하는 좌파년놈들이야 싫어하겠지만 정권 교체를 원하는 국민 60% 이상이 #@이름#을 택할것이라고 확신한다 이제 국민들은 정치판에서 굴러먹은놈들이 대통령이 되는걸 원하지 않는다 두고봐라 어떤결과가 나올지를.,PO,,,,,
민주당은 참~~한결같아. 정신없는 샋기들의 집합소,PO,,,,,
저 부대원들중 하나라도 죽었다면 국방부 대통령 목가지 끽~ 천운이 살렷넹 ... 국방부 개선해라 정말,PO,,,,,
강하다고 누르는것도 대단한 차별이다! 어이없네..인식적 오류가 있는자가 설치는게 더블당의 현실임.,PO,,,,,
#@이름#처럼 능력없는 인간 여기 또 있네 #@이름# 도대체 검사로서 한게 뭐가있나? 울산부정선거 조사했니? #@이름#은 #@이름#은 도데체 뭐 한게 있지? #@이름#과#@이름#는 감옥 보냈지 거기다가 우파도 아니고 좌파인물같은데 어데 국민의힘당 들먹이지 참 웃기는 짬뽕아니가 국민이 우습게 보이나?,PO,,,,,
댓글에 #@이름# 태극기 부대 납셨네 ㅋㅋ,PO,,,,,
꼬락서니들 보니 점점 정권교체 희망의 끈이 썩은 동아줄로 바뀌고 있네,PO,,,,,
대장부는 맞지. 2천만원이 전재산이라는 사위가 지금 누구돈으로 고급차에 기사 보디가드들 데리고 다니겠어? 대장부인 장모랑 같이 모은 돈 펑펑 쓰고 다니는 거지. 수백명한테 몸 좀 팔았다고 영부인 안되는다는 법이라도 있어?,PO,,,,,
민주당은 전수조사해서 조치했는데 왜 국짐은 뭉개고 들어가나? 보아라 국짐지지자들아. 국짐은 친재벌 갖은자를 지지하는당이다. 있는 넘이 지지하면 이해하지만 왜서민들이 지지할까? 다 중산층이냐?여튼 국짐도 빨리 까봐라! 원숭이 소리 그만하고..,PO,,,,,
토착왜구들아 이게 바로 대통령이다. #@이름#대통령은 한국의 자존심이다. 5년 더 임기를 연장했으면 좋겠다.,PO,,,,,
하지마라. 그냥 니네들 정권 뻈기고 나면 어찌 되는지 그꼴이나 봐라.,PO,,,,,
발단은 왜구 중앙일보가 된 방속에서 ?? #@이름# 없으니 왜구 기레기질 대놓고 하는 왜구기레기들 !,PO,,,,,
#@이름#아! 빈수레에 욕망과 국짐당만 싣고 있는데 국민이 그걸 모르겠냐? #@이름# #@이름#와 경제적 이득 함께 꿍꿍짝하고 이제 최고권력까지 #@이름#한테 쥐어주고 싶으셨어?,PO,,,,,
#@이름# #@이름# 갈등시작은 #@이름#의고발이 있었다 까발려서 안될것을 원색적으로 까발렸다 #@이름#의 대응은 하수 그자체였다또 통화 녹음한것을 편집 해서 국민을 우롱했다 두사람 모두 똥물을 뒤집어 쓴것이지만 결론은 똥물을 닦아도 닦이도 냄새가 난다바닥 까지 내려간 자가 딱하다는 입방정후 간보는것은 나잘했다 하느것이다,PO,,,,,
내로남불의극치...빤뻔한조가일가들 그리고여당일당들~~~,PO,,,,,
민주당 잘한것 없다.. 서울시장 부산시장 똘아니 된거다.. 왜 니들은 속알맹이도 없냐.. 또 니들 180석.. 줘도 놋할거면.. 접시물에 코박고 죽어라.. 연금은 타 먹겟지.. 법죄자가 대통령 하갯다고 나온걸 ... 감서원장도. 부총리도.. 그러고도 정권 타령하냐.. #@이름#가 한것처럼 해줘라.. 국정원 죽엇냐.. 독제라 하는데 독제하는걸 보여주라.. 못하면 문접부 깜방행 이라고 윤가들이 떠들고 다닌다.. 문정부까,PO,,,,,
집안싸움  그만하고 제대로된 야당 역활좀 해봐라.사기꾼들  정부여당 때문에 분통터지는데 불난집 부채질좀 그만하라구!!!!!,PO,,,,,
이번엔 #@이름# 코로나 부실 대처 집중 공격...경기도민 코로나로 코피나는데 도지사란 사람은 대선판에서 코피나게 개싸움. 도민이 무슨 죄가...,PO,,,,,
그말 때문에 야당에 독이된다면 노망난 늙은이는 죽을 자리도 없을거다.나이를 먹을수록 입조심해야지. 아무것도 아닌게 나대기는 국대급이다.#@이름#이는 태극기부대를 업고 있어서 틀렸다 드 엉 시나.,PO,,,,,
방역성공한 곳이있음? 코로나 한명도 안걸린곳 있냐고?도리도리 #@이름#아쟤는 뭘보고 사람들이 들러붙는거지?? 다들등?신들인겨? 우리나라가 방역실패면 더심한 나라는 뭐냐? 방역파산이냐? 폭망이냐? 뭐라고 불러야되는겨?,PO,,,,,
서민들 .노동자들 .소외된자들을 뒤에서 힘을 보태준다고 믿었던 더불당은.......알고보니 위안부 할머니들 이용해.성추행해.지 자식 온갖 편법으로 남들보다 앞서 나가게해......더럽고 꼰대 이미지에 돈만 밣힐거 같던 국짐당은 알게 모르게 선행하는 사람 많음.,PO,,,,,
누구 잘잘못을 떠나서 대화때마다 녹음해서 녹취록으로 보관하는 인간성이 제대로 된 인간인가? 당내 인사들도 못믿어서 근거 보관하는 철부지 싸가지가 야당 대표라는게 한심하다.,PO,,,,,
우와 조중동이 원하는 #@이름# 천안문 중공열병식라인 사랑하는 #@이름# 수령 공화국의 삶.,PO,,,,,
#@이름#아. 공정은 입으로 나불대면 되는거냐? 하는짓이 #@이름#ㅈ닮아가냐 내려와라 줘패기전에.,PO,,,,,
거머리같은 민주벌러지당이랑 비교되네,PO,,,,,
추 #@이름# 얼굴 추해졌네~거짓과 오만이 가득한 모습,PO,,,,,
#@이름#아... 그건 그냥 #@이름# 생각이지... 뭘 덥으려고 했다는거냐? 모든걸 그런 관점에서 꼼수로 보지마라...그렇게 꼬투리 잡으면 모든 정책이 다 음모로만 보는 니 눈이 이상한거다. 난 보수를 싫어하지만 보수나 하는짓을 따라하고 흠집만 잡고 헐뜯는 정치 따라하는 너같은 진보도 사라졌으면 좋겠다. 그러니까 발전이 없는거야. 한국이... 앞으로 잘하길 빈다...,PO,,,,,
#@이름# #@이름#는 더듬당가서 더듬기나해라. 기본적으로 좌파임,PO,,,,,
고민정 뽑은 동네가 어디야? 참 수준 떨어진다.,PO,,,,,
아직도 #@이름#가 저래? 정말 보수들은 컴터로 치면 악성이네. . . 정말 슬픈 대한민국. . .,PO,,,,,
여성(만을 위한) 여성부로 출발하여 여론에 밀려 가족을 슬쩍 끼워넣었지만 실제 하는 일은 달라진게 없다. 페미가 주축이 된 자리만들기 외에 어떤 일을 했나? 현 정부의 권력자에 의하여 피해를 입은 이들에게 무슨 지원을 했지? 하는 짓이라고는 선택적 지원과 사기당하는 것인데 거기에 더해 국민분열까지 조장한다. 그리고 여가부의 영어명칭이 왜 성평등부냐? 왜 앞뒤 말이 다르냐고!,PO,,,,,
제* 야당이.. 후보도 없어..ㅋㅋㅋㅋ얼마나.. 빈충이들만 모여있으면..ㅋㅋㅋㅋ,PO,,,,,
진짜 청와대는 모지리들만 있나보다 그걸 누가 생각못해 바이러스소굴이고 급한데 배타고 가리? 이걸 홍보하자고 하는 모지리도 ㅉㅉ,PO,,,,,
#@이름# 좀 그만 끌여들여라..뭐 잘한 대통령도 아닌데..감정팔이 그만해라..,PO,,,,,
대깨윤들 네이버 장악했구나. ㅋㅋ,PO,,,,,
한반도 서열 *위가 #@이름#이라 앞으로 한미훈련도 북한여자한테 허락받아 하는걸로 남조선 공산당이 정했습니다.. 북한지령받고 남남갈등 부추기는 간첩들이 곳곳에 퍼져 심히 걱정된다..또 한번 드루킹댓글조작으로 대선개입 하는거 아니지?? 6.25때 공산주의자들 전부 못죽인게 하늘위에 계신 국민영웅 #@이름#장군님이 피눈물 흘리고 있다 남과 북조선 두 독재자가 내년에 베이징에 가서 손잡고 이벤트쇼 벌리며 대선개입 하겠지??/,PO,,,,,
경향은 진짜 기사보는 인간들도 좌빨갱이밖에 없구나ㅋ,PO,,,,,
MBC 가서 고자질 하라고 당대표 시켜준 줄 아니? 지도자 그릇이 아냐. 똘마니 수준이지!,PO,,,,,
참 민주당에는 쓰레기 같은 인간들이 왜 이리 많노!,PO,,,,,
ㅇㅇㅊ 오렌쥐당 새퀴,PO,,,,,
일베충들아~~~화재가 다 잡혀서 \대응 *단계 해제 보고를 받았다는 기사내용은 안보이니?ㅉㅉㅉ  일베충들아~ 밤의 대통령 악의 축 조중동아~~그럼 모든 화재에 소방본부장이나 소방방재청장은 뇌두고~시도지사가 가야 한다는거니?ㅉㅉㅉ,PO,,,,,
#@이름#이는 북고 간첩 아니냐? 니가 통일부에 있으니 통일부는 해체되어야 하는 거다!,PO,,,,,
국힘당 미필자당 영부인이 사기꾼이라도 좋다 연좌제 없다 민주당 발의해서 자격 미달 청와대 기거 못하게 해야하고 해외순방도 불가 입법화해라,PO,,,,,
돈이 문제가 아닌데...#@이름#아 경기도 교육청이 태극기 다 없애려 한단다~ 대통령되면 전국에 태극기 다 없애려는거 아니지? 일제시대 잔제랍시고 다 없애는 경기도~ ㅋ 미cho~,PO,,,,,
문통이 있어야 막판에 사면복권을 받겠죠.  하여간 10대에 광주민주화운동 유공자 된 같이 잔머리는 최고.,PO,,,,,
대단하다. 나라님도 어찌 못하는 검찰 얼마나 재식구 감싸기에 이렇게 공수처 설립에 반대 했는지 대단하다 검찰력 다 이유가 있는거네 대단하다 검 ㅊ 력 정치권 과 같이 공생하는 검찰력 정말 이나라 썩어빠진 나라 눈치보기에 급급해 펼초지는 정책들 앞뒤도 없이 생각도 없이 그때 그때 변하는 정책구조들…… 이건 국민이 다 이렇게 만든게 아닐까….. 개개인에 이익에 급급해서 옭고 그름을 망실한 국민….. 여즘 20대 까지도 역사는 안중에도 없다.,PO,,,,,
수구꼴통들아!!#@이름#이 503 보다도 못한데 어쩌냐???ㅋㅋㅋㅋㅋㅋㅋ,PO,,,,,
#@이름#. 정말 돌아네 자랑질 할때는 언제고. 매일. 정책실패하고. 국민한데만. 인내 하라고~~물러나라,PO,,,,,
2년전에 보수유투버들은 #@이름# 밀다가. 총선에서 기록적인 참패를 당하자 부정선거 주장했지. 판단 빠른 #@이름#이 아예 그런 주장에 담을 쌓은게 신의 한수(?)임. 그들은 논리마저 없는게 #@이름# 탄핵이 부당하고 정치보복으로 구속됬다 해놓고. 근데 #@이름# 수사를 한 #@이름#을 지지하는 것은 서로 모순아님? 윤 지지자들 중에 보수 유투버에 동조하는 자가 많은데  #@이름# 까내려봤자 #@이름#한데도 전혀 도움이 안되기에 비대위. #@이름#에 윤후보가 선을 그은거고 본경선에서 비전. 정책에 대한 식견이 없으면 #@이름#이 아니더라도 알아서 정리됨.,PO,,,,,
하여튼 문 밑에서 핥아대는 놈들치고 정상인 없음,PO,,,,,
This man.. 이 인간아.. 대북성과를 내길했냐?? 비핵화룰 성공하길 했냐?? 소득주도성장을 성공하길했냐?? 내수경제를 살리길했냐?? 코로나 방역을 막기를했냐?? 고용 일자리를 성공하길했냐 아늬 그렇다고 조직들이 능력이 없으면 도덕성이라도 있던지?? 선동과 쇼로 점철된 내로남불 문정권,PO,,,,,
배신자고 뭐고 당장 급한건 정권교체다 윤뽑으면 나라 말아먹으니까 잘생각해라 #@이름#은 최소 5년은 있다가 뽑아야지,PO,,,,,
골수 보수면서 문정권 밑에서 일은 왜했니?간신,PO,,,,,
아직도 검사때처럼 정치활동을 하고있네 쯔쯔 마치 #@이름#시절에 머물러 있는 사람같다,PO,,,,,
어떻게 5년동안 정치로 한거라곤 보복정치 기업죽이기 국민 세금으로 국회의원이 돈삥뜯고 이게 맞는건가 싶을정도로 무법지대다... 지금 대한민국은,PO,,,,,
국민을 개돼지로 보는구나. 능력없으면 쓰레기통 뒤지라는거냐? 얼마나 떳떳하게 돈을 많이 벌어서 상루층이냐? 장모.부인이 돈 많이 벌어서 니 돈은 다 저금하고 살아서 떳떳하다는거냐?,PO,,,,,
젊은 #@이름#이 왜 당대표가 됐는지 그 민심을 국힘당 꼰대들은 아직 이해를 못하고 있네. 이래선 정권교체 힘들겠다.,PO,,,,,
저렇게 더러운 인간이 대권 후보라니 한심하기 짝이없다. 대가리에 뭐가 들어서 그런건지. 윤총장이 만진게 뭐가 잘못 되었다고 더렵혀진 비석이라고 닦아내는거냐. 그러니까 5.18민주화 운동은 지놈들 전유물이라는건가? 완전 개똥같은 발상이다. 이러니 선량한 정말 민주화 운동 한 사람들도 욕먹고 있는거임.,PO,,,,,
태극기부대 대표 #@이름# ? 적패정부 총리로서 이제 참회하는 시간을 보내고 ?반성은 자원봉사부터 시작하라 ?,PO,,,,,
#@이름#아 어슬프게 알게된것을 경솔하게 아무에게나 쉽게 말을하니까 자꾸 이런 분란이 일어나는거다 그리고 아무리 당대표라고 하지만 #@이름# 의원한테 하이에나가 뭐냐 정치판이 개판이라고 하지만 개혁을외치는 니 입에서 아버지뻘되는 중진의원에게 그게 할말이냐 제발 정권교체를 위해서 자중해라,PO,,,,,
추는 애국자 인데 이여자로 저 좌파들의 민낮 다 알게되고 #@이름#도보내고 한일이 맜은데 ㅋㅋ추 없었으면 윤총장도 없구먼 해서 지지 많이 해 주어야 합니다 ㅋㅋ 제발 끝까지 남아라,PO,,,,,
오물이 돌아가면서 대변인하네.국암당 5대 오물들.#@이름##@이름##@이름##@이름##@이름#들.,PO,,,,,
국민의 몫이라니 내가 판단한다. #@이름# 너는 쓰레기만도 못한 범죄자다. 가장 악랄한 여론조작으로 당선되서는 안될 부패하고 무능하며 무식하고 철면피인 대통령을 당선 시켰다. 그 때문에 민주주의와 시장경제가 훼손 당했고 국민들의 삶이 고단해졌고 공정과 정의가 실종되 버렸다. 이게 진실이다. 탄생부터 썩어빠진 정권의 산파가 네놈이었다. 알겠냐? 이게 국민이 판단한 진실이다.,PO,,,,,
#@이름#정부 의도는 나쁘지 않았으나 사람을 잘못쓰서 망해버렸다.  전문성 보다는 내사람 위주로 하다보니 부동산에서 망했고 백신 정책에서도 망했고 검찰 개혁도 망해버렸다. 대선이나 총선에서 늘 덜 부패하다 생각한 민주당을 택했지만 다음 대선에서는 부패한 고시충 기회주의자 #@이름#만 아니면 정권교체에 투표할려한다.,PO,,,,,
#@이름# 가석방하면 그날로 대한민국 운명은 또다시 일본식민지되거나 중국 #@이름#한테 3번 머리 조아리고 대가리 9번 처박아야한다 민주당은 정신차려 이노마드라,PO,,,,,
이제는 알아야지 북조선은 제멋대로인걸 그냥 제풀에 꺽끼어 진정으로 대화에 나설때를 기다려야지요 멍청한 좌파정권자들아,PO,,,,,
#@이름# 장관이라니? 이런 개기레기 ?,PO,,,,,
개욕하고 전과자가 대통령?나라 꼴이.,PO,,,,,
뭉가정권내내 ?? 같은나라. 정권 꼭 바꿉시다.,PO,,,,,
어 이  #@이름#  같은 연배라  말하는데말은  똑바로해라   사악한  뱀ㅅ끼가   국민 다아 보는데서당과 후보들을  분탕질 치는데?  도우미 ㅅ끼가  두목놀이를  해여 ?  참  간악한  어린 돌대가리너미지 ?ㅡ  그게  어리다  얕잡는거냐  ??    ㄱ  ㅅ끼뱀노미  국민과당원  전체를  얕보고  날뛰는거였지  ?너도  함께  꺼져라   망신당하지  말고 ?   끌어낼  것이다,PO,,,,,
저런놈들이 하는 말은 콩으로 메주 쉰다해도 절대 믿지 말고 해 달라는것 모조리 반대로 해 주기를. 민노총이 또 하나의 악의 축으로 등극하는구나. 개###정의당이 망하니 따라가는 형국일세,PO,,,,,
개만도 못한 전라당 떨거지들아 서울시장 부산시장 경남지사 범죄자들 양산소구나 #@이름#은 #@이름# 딸랑이 덕에 잠시 피했다만은 전국 전라당 지자체장들이 범죄자... 전라범죄 구락부네,PO,,,,,
#@이름# OOO과 함께 여가부도 끄지세요!,PO,,,,,
나이 쳐먹어도 좌파라는 정신병을 버리지 못하는 놈들이 너무많다.,PO,,,,,
하나같이 대권 후보란 인간들 저급하냐,PO,,,,,
좌익 PC 괘미 환경 선동가들은 냉방기 쓰지 마라.. 민폐만 끼치는 존재,PO,,,,,
이건 직업여성 폄하의 문제가 아니다~~~저의당아? 여성 서을 이용한 더럽고 불법 적인 재산축척 악의 문제다,PO,,,,,
다음 정권 재집권 안될것 같으니까..다음 정권이 수습 불가할 정도로 베네주엘라식 찍어내기 퍼주기로 정부 난장판 만들어 놓고 차기정권이 무능하다고 선동해서 또 탄핵하고 다시 재집권 해 보겠다는 속셈?? 뻔히 보이네...안될껄? #@이름#대통령이 너희들 공작질 하고 나라 망친것 전부 죄를 물을 것이고 앞으로 운동권민주당은 영원히 집권하지 못 할것이다...,PO,,,,,
루머를 퍼뜨리다가 사실을 만들고 이제는 공개적으로 저러는 것은 바로 철거와 처벌을 해야 한다. 좌파 전라도 대깨문넘들은 정말 다시는 정권을 잡아서는 안될 넘들이다.,PO,,,,,
미친 더불놈들 지네들이 할때는 권한 다가지고 야당이 하게되면  권한축소?그래서  썩은당썩은놈들이라는거다.,PO,,,,,
다어디갔냐ㅋㅋㅋㅋㅋㅋ귤재앙 멀리안간다,PO,,,,,
역시 오합지졸. 민주당 dna에는 분열이 새겨있지. 깨지고 대통령 반납. 아주 잘 하고 있네ㅠㅠ,PO,,,,,
속이 끓어 오른다 빨갱이XX들아 내년에 보자,PO,,,,,
연봉 5천도 월세 지원ㅎㅎㅎㅎ 정신나간 정부지. 월 400이다. 저소득층 지원이 아닌 그냥 막 다 퍼주는구나,PO,,,,,
#@이름#정권에서의 군은 허수아비,PO,,,,,
지금 민주당 내부랑 대깨문 놈들 중에 중국 북한 간첩들 수두룩할 거다. 정권 바뀌면 이 간첩 매국노들 전부 색출해서 사형시켜야 한다!,PO,,,,,
지금 한국에는 친일세력은 없다 지금 이시점에 친일세력을 말하는자들은 종북내지 친북세력들이다 지금 세계는 국익을위해 서로 협력하고 경쟁하는 시대다 지금 친일타령하는 운동권은 정치판에서 몰아내야 대한민국이 살아난다,PO,,,,,
개콘이 폐지된 이유.. 대깨들의 코메디,PO,,,,,
매우 비도덕적인 #@이름#도 대통령했는데 #@이름#는 새발의 피지. 대통령해도 됨ㅎㅎ,PO,,,,,
60대이상노인들 석열이몰표ㅋㅋㅋㅋㅋㅋ수사만한놈이 어찌대통령이되냐ㅉ에라이 노친네들아ㅋㅋ,PO,,,,,
사기꾼 정권 이제 좀 실력으로 승부하자 더러븐 놈들아 정권교쳬,PO,,,,,
정말 이 정부 안되겠다 대갈통이 그냥 한생각뿐이네 갈라치기 에다가 내가 선이다는 생각 ...이번에 이이간들 못몰아내면 다시 기회없다,PO,,,,,
두과나! 너나 추녀나 개깜 도낌인데 너도 사라지거라.,PO,,,,,
개인적으로 말 많고 탈 많은 #@이름# 좋아하지는 않지만 경기도의회가 인준하고 경기도민 여론이 50%넘게 찬성하면 관광공사 사장직 수행하면 되고 안되면 그만인거지. 지방행정에 중앙정치권들이 뭔데 감놔라 배놔라 하는거냐. 이것들이 경기도 재난지원금 가지고도 지럴하더니 아직도 그 버릇을 안고치나보네. 대통령하겠다고 나왔음 정책개발과 톤론이나 잘해라,PO,,,,,
제대로 미쳐 날뛰는구나... 뭐가 우선이냐? 생사를 넘긴 사람이냐 인형든 장관이냐? 정신차리고 일하자,PO,,,,,
노욕정치인 그냥 무시하고 패스하네요.이노인 정말 짜증나네요.,PO,,,,,
더불어민주당 이것들은 안산선수가 한마디 하니 이때다 모두 기어나오는군아 역겹다 왜 #@이름# 피해자는 호소인 라며 #@이름# 이것들은 지구상에서 영구히 추방해야되,PO,,,,,
#@이름# 어린것이 국민들의 여망 정권교체를 망쳐놓는구나 .,PO,,,,,
친일이 싫으면 중국가서 살어,PO,,,,,
국법. 국회법이. 사퇴해야되면. 정당에서 퇴학처리 하면 될 덕을.... 법대로 국회법 국회의원이 만든법. 국회정당법 대로. 선거출마공직사퇴법. 마음대로 해석하면 압박. 직권남용. 독재갑질권력. 보수.,PO,,,,,
그래서 중립을 안지키고 나가서 국짐이 된건가? 인간의 도리가 있고 상식이 있지 새털같은 가벼움이라,PO,,,,,
#@이름#최고의원#@이름# 줄서기한심한인간 정심차리라너는이번선거끝나고 정치떠나라#@이름#의원님 한데 건방진인간 사짜갬프집답에국민의힘 응원하지만 너같은 OOO정치인이있으니까나라꼴 개판,PO,,,,,
#@이름#은 나라전체보다 자기편만 확실히 챙기고 가라치기하며 퇴임후 안위만 생각하는 쫄보다 ㅋ 의보 고용보험 고갈 공기업 엄청난 적자 민노총비정규직 노조원들 #@이름# 지지한 비정규직들 #@이름#이 전부 보답해줬잖아 공기업빵꾸나서 취준생들 난리났어 ㅉ #@이름#은 조폭두목같아ㅋ 나랏돈 펑펑써서 4년동안 300조넘게쓰고 내년에 국가부채천조된다ㅋ 다 망했어 출산율 0.8은 #@이름#이 덤으로 뿌린 똥이다,PO,,,,,
#@이름#이는 할줄아는게 아무것도 없어도된다 #@이름#이를 지지하고 대통령을 만들려는 세력들은 단지 정치보복용 칼잡이 망나니가 필요한것이다 오히려 국정운영능력이 있거나 대통령할 자질이 있으면 곤란할뿐이다 말안듣고 스스로 딴짓한다면 그들이 계획한 대한민국 망쳐놓기는 실패할수있다 그래서 약점많고 능력없는  #@이름#이는 그들의 망나니로서는 딱들어맞는 사냥개민 것이다 국민들이 깨어나야 나라가 삽니다,PO,,,,,
전국민 20 만원 vs 소득하위 90프로 25 만원 뭐가 차이나나...5만원 더 받으면 살림좀 나아집니까????그거 구분하는 행정력에 도 더들겠다 한심 또 한심,PO,,,,,
음주전과4범.가천대 논문표절.검사사칭.성남FC뇌물수수의혹.형수쌍욕.가짜총각 무상연애? 이런자가 역사의식이 있을까요? #@이름# 내각이 친일파라니 진짜 미쳐도 단디 미쳤다.진짜 친일파들이 세운 정권이 북한 #@이름# 공산정권이다. 이런자가 정권을 잡으면 진짜 이나라가 어찌될지 생각만해도 끔찍하다.,PO,,,,,
아니  최소한  전과가  정치권에서  훈장질이라도  할려면  시민활동이나  민주화운동이라도 하다가  방에  들어가면  몰라  이건  뭐  음주운전  검사사칭범죄에  형수  거기  찢어...정치랑  상관없는  죄목인대  이게  무슨  훈장이라도  된다고  ...전과 4범이  자랑이냐?  전과기록있으신  분들이  왜  나만가지고  그러냐고?  아니  전과가  자랑질이냐?  이  10새들아!!!,PO,,,,,
#@이름#에게 . . .국민은.. .범법자이자 . \교화대상인.  노비. . .개 돼지\. . 원래 검사는 국민을  발바닥으로. .본다. . 범죄자 취조할때. 쩍벌남으로 행동했으니. . 다른 국회의원. . 당대표. .청년 만날때도 거만,PO,,,,,
#@이름#이가 탄핵한다고 했다면서? 꼴값을 떨어요,PO,,,,,
#@이름#아! 이제는 물러설때가 되지 않았냐.도대체가 자네는 이 지랄하는지.자네가 이긴다면 대한민국은 북한에 공짜로 줄것이다.에라이 또라이 같으니라고...,PO,,,,,
정말이지.!!.. 뇌를 까보고십다!!!! 정황 파악 분위 파악도 못 하는 이자들이 나라와 국민을 좌지우지 한다는것이 개탄 스럽다!! 혹 알면서도 이럴까? 병원가서 정신질환이. 있는지 진단서를 국민께 고하라..환자!!!!,PO,,,,,
민주당 사람들도 죄다 양산에 모여살아라. 그리고 양산인민공화국 만들어서 양산에서 나오지말고 살아라.,PO,,,,,
감사원장 했다는 넘이 공직자로써 최소한의 기본이 없다 아버지 이름 들먹이며 네넘 정치하려는건가? 너도 조만간 당내경선에서 몇대 터지고 자빠지것땅 그런 정신으로 여우들하고 싸운다고?ㅋ~~~ 웃기는 인간이네! #@이름#도 밖에서 어물쩡거리다가 야권통합 싸움질하다가 결국 민주당한테 밥상차려주것다~~~ 결국 쓰레기들 잔치! 차라리 교활이가 낫다 확실한 꼴통우파보수잖냐~~~ㅋ,PO,,,,,
좌파들은 공산당에 포섭된 간첩뿐이고 우파들은 저혼자만 잘난 집구석이라 대한민국이 참 걱정됩니다.,PO,,,,,
누구덕분에 잘살고 있는지도 모르는 아주 배은망덕한 평생 데모나 일삼던 쓰레기같은 좌파세력들이 정권을잡고 있으니까 눈에 보이는것이 없나보구나.  어쩌다가 이나라가 저렇게 한심한 세력들 손에 넘어갔는지 너무 안타깝다. 저인간도 정권교체가되면 물러날거니까 아주 발악을 하는구나 ?,PO,,,,,
#@이름#같은 사람이 대선후보감인데 안타갑다..기레기들이 윤십원만빨아주니 나라가 산으로간다..,PO,,,,,
정수기가 경인선간다.경인선가자~하던게 생생한데? 뭔헛소리~#@이름#아 너도 알잖아? 왜 그러니 너도 문가 싫어 하잖아~ㅋㅋ마누라만 싫어하나?,PO,,,,,
민주당놈들아 니들이 다 값을래?. 국민들이 평생 값게 하지말고.,PO,,,,,
#@이름#대통되어어. 전교조.민주노총.OOO들.배신자들 전부 처단하고.사시부활과 사형제도 실행을 꼭하길파란다. 지나고보니 #@이름# 지난대선때한말들이 다 옳았다!!!!,PO,,,,,
확진자들이 방역작업을..... 국방장관새끼야 너는 도대체 뭐하는 놈이냐. 니같은 놈도 군인이가?,PO,,,,,
미쳤다 한국대통령 위에 왕이 있었네 ㅋㅋㅋ 군주제인줄 몰랐다 ㅋㅋㅋㅋㅋㅋ #@이름#은 쪽팔리지도 않나,PO,,,,,
입보수 입 애국자 #@이름#씨.,PO,,,,,
진짜.. 좌파 더듬어만지당 이색히들 뻔뻔함은 어디까지인가,PO,,,,,
좌파들은 자기 꼬라지를 알라 물에 빠진놈 건저 살렸더니 보따리 달라고하지 않는가?,PO,,,,,
허위사실 퍼트리는 놈들 작살 나겠네. #@이름#이 누구냐? 검찰총장 했다.,PO,,,,,
야이 더불 김씨야.. 여당때문에 나라꼴이 엉망인데 아직도 망각하고있냐 초등학생도 다안다. 현정권 무능한거..말을 제대로 나불대거라~,PO,,,,,
ㅋㅋ무낙할배. 능력은 안되고. 대통령은 하고싶고그냥 까는거 말고는 답이읍네..,PO,,,,,
#@이름#씨 건 - 수신도 못하고 형수님에 대한 쌍욕과 자식 두명의실업자 - 제가도 못해놓고 치국한다고 평천하가 되겠는가. 사탕발림은 이번 지도자 한명으로 끝내야 한다. 제발 믿지도 말고 한톨의 권력도 주지 맙시다. 도덕과 정의를 발가락 때 같이도 취급하지 않는 좌파들에게는!,PO,,,,,
#@이름#이 #@이름# 경기 관광 사장 자리 앉힌거 봐라. 저쪽 놈들은 그냥 물고 빨아 주는 놈이 최고하는거다. 이런 놈들이 나라 말아 쳐 먹고 있는거지. 공정 정의 이런거 다 개 소리다. 그냥 북한 놈들 처럼 미친듯이 물고 빨아 주는게 우선인 놈들이다. 진짜 하는짓 보면 욕도 안나온다.,PO,,,,,
여론조작거리는 틀할배 진짜 틀니빼서 아구한대 쥐어박고싶네 ㅋㅋ #@이름#하명으로 적폐수사해서 보수싹조져버린검사가 보수대통령하는걸 정상이라고생각하냐 ㅋㅋ 오히려 19퍼가 정상이아니지 늙어서 뇌까지 늙어버렸나?ㅋㅋㅋㅋㅋㅋㅋㅋㅋㅋㅋㅋㅋ,PO,,,,,
#@이름#.경기도국회의원들.캠브모두다 수단과방법안가리는사람들이다믽주당한심타,PO,,,,,
한마디로 외신도 니들 입밋에 인맞딘 거잖아. 이구 답답한 고구마셐들. 할거면 해! 그래야 탄핵속도도 빨라지지,PO,,,,,
암만봐도이너 ㅁ은 민주당 쁘락치 같어,PO,,,,,
아니 경제.외교.정치.사회.복지 뭐 아무것도 모르는 놈을 지지하는 골빈 사람들이 너무 많구나..잘못하면 내년에는 시위가 유행 하겠구먼 ㅋ.,PO,,,,,
#@이름#이 목숨걸고대통령 되야할긴데못되면 감빵이 기다릴긴데...쯥,PO,,,,,
도리도리#@이름# 대통령이 된다고 생각해봐. 외교문제가 생기면 해당국가에서 처리할 일이라고 할거고 국가 경제가 안 좋아지면 기업에서 알아서 할 일이라고 할 놈이지. 저런게 대통령 후보 *위라는게 이 나라 국민으로서 참담하다.,PO,,,,,
국짐당 스러운데 왜 그래~   넌 군대가니?,PO,,,,,
내가볼때인간중에제일비열한인간은남을헐뜯는인간이요.자기자신은깨끗한줄아는놈이다.청래여.나서지좀말아주길,PO,,,,,
그럼 생계형 악질 친일파라는 것이네. 인간이 저렇게뻔뻔 할 수 있다는 것에 경악 그자체다.원래 도독놈 지발 저린다고 하지 않든가?좌익은 다들 왜 저러나?,PO,,,,,
정치 기사에 여자 비율봐ㅋㅋ 좌표 찍었네 조선족들,PO,,,,,
토착왜구들 땡잡았네 #@이름#이 니네편이라서,PO,,,,,
이제 좌파정권을 위해 #@이름# 수사에 대해 검정하자.#@이름#가 울산시장 선거에 개입도 안했다.개입한 놈들은 구속안되고 있다 아직.틴핵도 언되고 있다.답하라.,PO,,,,,
지자체장은 이런거 하라고 있는것임. 모라토리엄 선언한 성남을 시장 맡아서 기업유치와 지역개발과 특히 불필요한 관행적 지출까지 뿌리뽑아서 흑자 전환시켰고 경기도도 지금까지 시정개선이 대부분이고 추가 세금낸것 없이 지역화폐까지 살려놨다. 국해의원 300명과 기재부 꼴통들 다합해도 #@이름# 한명보다 생각이 짧음. 국민 88% 25만원 왜 주는가? 그냥 100% 20만원주고 힘든 사람 더 돕는게 합리적이지 않나?,PO,,,,,
상계동에서 번번히 떨어진 이유가 있었구만! 패널로 나불거릴줄만 알지 당대표라는 자리에 앉으니 역시 바닥이 드러난다.능력부족!! 완전 속았다 너란 인간한테! 너땜에 국힘당도 싫어진다!,PO,,,,,
민 노총인 되고 교회는 안되고 민노총은되고 자영업자는 안되고 신발 끈 국민들 알기를 개 호구로 아는 놈들 이제 법까지 남발해가며 완전 한 통제 들어간다! #@이름# 민주당 찍어준놈들 축하한다! 역사에 같이 길이길이 나아라! 신발!,PO,,,,,
뇌가 붉은 친구들아!! 제발 정신 좀 차려라. 여긴 자유 민주주의 대한민국이다. 악풀달면 신고한다.. ㅎㅎㅎㅎ,PO,,,,,
기업주는 물론 대다수 노동자의 피를 빨아먹는 조폭들 이들을 정치적으로 딜하는 민주당(남로당),PO,,,,,
좌파의 역사인식이라는 게 고작 종북 반미 친중 말고 더 있냐,PO,,,,,
넌 뭐했니...? 너와 니당만 없어도 좀 더 잘하지 않았을까? 생각해본다~~ ㅈㅉㅇ,PO,,,,,
부동산많으면 왜 적폐취급하냐 ? 그럼 주식은 왜괜찮은거냐? 민주당 니들 말대로라면 니들은 다 거지여야하는데 니들이 디부자인건 뭘로 설명할거냐?니들은 부자로살고 나머지들은 다 겨우 밥만먹고사는 개돼로살아야하는거냐?,PO,,,,,
난?저놈이 저럴줄 예견햇다.무시칸 개검 한마리,PO,,,,,
#@이름# 안만났음 이천만원밖에 없는 머리큰 술주정뱅이가 어떻게 아크로비스타 팬트하우스에 살고 있겠어 ㅋㅋㅋ 대통령 나올 돈도 없었겠지,PO,,,,,
#@이름#만큼 전국민 6900만원씩줘라~~~ㅉㅉ .,PO,,,,,
벤츠를 타던 명품백을 사던 뭔상관이야 ㅋㅋ 다 그지처럼 살길 바라나 ㅋㅋ #@이름#이 부자는 나쁜놈 돈없는 사람은 착한사람 프레임 만들어서 나라 개판됐네 ㅋㅋ 부자  대기업은 다 나쁜놈이냐고 민노총은 착한 놈들이고,PO,,,,,
네~ 이 나라에 남혐용어는 존재하지도 않고요웅앵웅 허버허버 여초카페에서 전부 본인을 지칭하면서 쓰는 말이고요^^ 김치녀 된장녀 같은 특정 성별을 프레임지어서 비난하는 용도랑 전~~~혀 다릅니다국짐은...ㅎㅎ...평생 k- men들과 천년만년 행복하기를 바랍니다 ??,PO,,,,,
젊은 혈기로 민주당하고 싸우랬더니 왜 안으로 총질을 하고 지x이냐고~ #@이름#하고 맞먹자고 덤비면 안 되지어린애가.. 짬밥으로나 경륜으로나 #@이름#이 아무리 정치 초년생이라도 너가 올라탈 그릇으로 보이니? 너를 알고 적을 알아야지 너를 스스로 과대평가하니 그 모양 아니냐.. #@이름#도 붙들었어야지 윽박질러 쫓아버리고.. 정권교체 실패하면 너도 정치생명 아웃이다 자스가~,PO,,,,,
그 입을 다물어주길 바랍니다.청와대나 #@이름#의 입이 열리면 되는 개 없는 나라가 되었네요..제발 조용히만 있다가 아무일도 하지 말고 특히 #@이름# 비위맞추고 만나서 사진 찍고 밥 먹고 해서 대선용으로 이용하자고 북풍공작이나 하지 말고요. 그냥 조용히 아무것도 하지 말고 민주당이 다 사라져만 주면 됩니다..그래야 나라와 국민이 살 수 있을 것 같네요..,PO,,,,,
세금만 축내는 문빠맘 집합소지,PO,,,,,
#@이름# 자격미달. 젊은피 기대했는데 민주당과 하는 짓이 똑같음.,PO,,,,,
코로나 퍼질때 연예인 불러 짜파구리 파티로 쳐먹고 놀지 않나.. 청년의날에는 #@이름# 불러 공정얘기 37번이나 씨부리면서 막상 문화예술에 어려운 사람돕겠다고 했는데 #@이름# 아들 4400+6900만원 국민세금 받아쳐먹네.. 이젠 전라도 #@이름#불러 만찬행사 하는거냐?? 전라도의 힘이 대선개입으로 비춰지는 느낌이군 설마 북한김여정한테 허락맡고 행사하는거 아니지?? 인간의 탈을 쓴 악마같이 보인다.. 자영업자 전부 말살시킨 코로나 주범,PO,,,,,
대문 잘 지키라고 대통령 시켜줬더니 주인 물어 뜯고 헐떡대고 먹어치우는데 바빠 곶간 다비우고 있다. 그것도 모자라 특별보좌관이 간첩질을 해도 개는 짖지 않는다.,PO,,,,,
도리도리에서 어리버리..대통령감은 아니다. 역사의식 사회의식 경제의식 개초딩수준..닭그네 *로 교활하기가 그지없는 #@이름# 패거리들 못잡아넣는다..좌파 쑤레기들 청소는 #@이름#밖에 없다,PO,,,,,
#@이름# ㅋㅋㅋ 한괴뢰에서 가짜뉴스나 만들던 놈인데 사생활이 깨끗하면 그게 더 웃기는 소리지 ㅋㅋㅋㅋ 저런것들이 지금 청와대에 우글거리고 있으니 이 나라가 제대로 돌이가면 그게 더 웃기는 소리 아니겠냐 ㅋㅋ,PO,,,,,
윤서방도 #@이름#도 참 내용물이 별로더만 그런자들을 띄웠니 조선일보야 망했잖아 이제 어쩔겨 정권교체 물건나갔잖냐,PO,,,,,
대통령 하기 참 쉬워ㅎ부동산도 해결하라 하니 개판ㅎ코로나도 #@이름#이 7월이면 일상찾는다더니?또 일주일전에는 *단계 7일 하면 된다더니ㅎ암튼 #@이름# 머리에 뭐가 들었는지,PO,,,,,
이러니 개콘이 사라지지 세균할베 집에서 손주나봐요 나라 그만 말아먹고,PO,,,,,
이번에 황씨 더러운성격알게됬네요 더확실하게 그러면서남인격운운하는것도 내로남불 범죄소굴당답다,PO,,,,,
바보같은 #@이름#. 또다시 다음 대선에 표분산시켜 좌파당선시키는 짓 할바에야 정계은퇴해라. 나포함 한때나마 당신에게 희망을 보았던 사람들에게 더이상 실망감주는 짓을 멈춰라.,PO,,,,,
윤씨 대통령되면 원씨 법무부 장관 한자리 하시것네. 그리고 차기 대선 나오고. 와우! 무지하고 야비하고 간신배 만도 못한 자들의 세상...,PO,,,,,
응답하라 자유민주주의(( 더불어 바른정당계 당대표는 잘하고 있지.#@이름#가 왜 #@이름#과 #@이름#를 찾아 다니는지 이제서야 알겠네. 한 때 #@이름#이 #@이름#과 #@이름#를 찾아다녔거든.피아식별 없이 대깨들과 놀고 좌빨 대깨들이 급할 때 도와주고 지지율도 일부러 낚여주니 좀 좋으냐? #@이름# 이 영남 이게 부러웠구나. *)부정선거로 당대표 당선 *) 병역 비리 *)산업기능요원 특혜 * )#@이름# 탄핵은 정당했다ㅡ#@이름# 회고록 찬성ㅡ#@이름# 공산당 부서기 존경한 글로 이어진 #@이름# 장학금 자랑ㅡ#@이름#은 야권이 아니다.정권교체에 같이 교체할 대상이다,PO,,,,,
미친 뼉하면 대통령 사과하라 뭘 사과해 국회의원 니들은 국민들 죽을 판있데 월급 50프로 받납해라 하는일도 없는 것들이 돈만 따박따박 받고 개웃끼다,PO,,,,,
잘하는게 국민 이간질뿐인 무식한 문가집단,PO,,,,,
민주당 당대표의 정신 넋빠진 생각.. 우리 국민들도 먹고 살기 힘들다는데 북한 먹여 살릴 궁리나 하고 자빠졌다. 저게 민주당이다. 국민들은 정신 바짝 차리자,PO,,,,,
윤총장 개무시 하고 그냥 직진하세요. 이것 못 넘기면 승냥이 같은 좌파들과 함께 하는 본선에선 그냥 바람과 함께 사라집니다.,PO,,,,,
허수아비 야당 만드려는 대표 #@이름# #@이름# 문가하고 붙어먹은거 아닌지 의심된다 입만 살아가지고 평생 후회할지 하지 말라,PO,,,,,
좌파 이놈들은 도대체 국민 수준을 뭘로 보고 저렇게 말할까?,PO,,,,,
여태 100%확률로 *번을 무능했는데 *번째에 유능해지겠냐? 조폭들이 주무장관되서 말안들으면 줘패는거 아냐? ㅋ,PO,,,,,
정치파은 알수가없네  강성파들의 지지를받고있는  #@이름#가  #@이름#* 편을든다  알수가 없구나  #@이름#도 인간같지 안치만  매는  억지웃음지우면  꼴갑떠는걸보면 저런인간 어떡게 대구에서낳을까 ?  소금뿌려야겠다,PO,,,,,
우낀게 돈은 그누구보다 많은데 집도잘살고 ㅋ 근데 접대부라고? 왜? 앞뒤안보고 #@이름# 민주당한테 표를 던져준 그 개 돼지들만 믿을듯,PO,,,,,
조용히  숨어서 ?? 들이랑 노는것  아니냐???   지가 개 ?? 들  아빠라메  ???  내가  윤  #@이름#  광팬이었는디  침대에서 ?? 들이랑 뒹구는거 보고는  오만  정이  다  떨어졌다.  최  #@이름#원장으로  결심  했다.,PO,,,,,
좌충우돌 우왕좌왕 오락가락... 쯧쯧쯧 아무런 개념도 철학도 없이 자기 앞에 걸리적거리고 불편해지면 마구잡이로 들이받는구나. 그야말로 유아독존이네. 어쩌다 저런 게 나와 이리도 세상을 어지럽히는가? #@이름# 빌라도가 이렇게 되물었다더라. \진리가 무엇이냐?\ 니가 딱 그 꼬라지다. 윤 #@이름#야! 비록 허황한 무대뽀였지만 돈 #@이름#에겐 사심없는 착한 뜻이라도 있었다만.,PO,,,,,
친박당이 무슨 정권교체 ? #@이름#레기 하차하고 군대가라,PO,,,,,
그래서 더듬어당처럼 줄세워서 목숨바쳐 충성하는 애들만 뽑자고?,PO,,,,,
국제사회가 바보냐? 반일 선동질하다가 일본에게 사과받았다 이런 쇼질 하려는 수작 다 아는거지,PO,,,,,
민주당 개꿀...이번대선은 51대 49 싸움인데...극우 할배할매들 표 2프로만 빼먹어주면...민주당은 기모찌 ㅋㅋㅋㅋㅋㅋㅋㅋ,PO,,,,,
#@이름#야 사자성어가 틀렸다. 배은망덕\이 아니라 토사구팽\이라 했어야지.... 너희들이 단물 다 빨고 팽 시킨 거잖아.... 그게 너희 좌파들 종특이고~~,PO,,,,,
자유 우파 정당에 위장취업한 좌익들 좀 쳐내 ㅋㅋㅋㅋ,PO,,,,,
청와대는 모더나의 호갱이고 그 호갱의 개설레발 나팔수는 #@이름#이지.,PO,,,,,
남의돈으로 선심쓸생각말고 이씨 당신이 가진것부터 내놓고 얘기해라. 세금걷어서 전부 똑같이 나눠 주는건 초딩도 시키면 다하지 .이걸 정책이라고 당신이 만들 나라는 베네수엘라 냐?,PO,,,,,
#@이름# 토론은 안되고 정책은 개구라 가능하다?,PO,,,,,
부정선거 국민의 저항으로 \하야 \해서 미국으로 쫓겨난 #@이름#/구데타 일으켜 정권잡고 독재 정치 하다 부하로 부터 총 맞아  죽은 #@이름#/ 국민 머리에 탱크와 총으로 학살한 살인마 #@이름#/ 입만 벌리면 사기치던 #@이름#/ 머리에 든게 없어 강남 아지매 꼭 두각시 노릇하다 감옥간 무능 칠푼이 박꾸네/이 들의 모체가 국힘당이다/ 부정부폐에 얽힐때마다 당명을 수도 없이 바꾼 국힘당,PO,,,,,
정의연이 위안부 할머니들을 이용해 코묻은 돈까지 털어먹고 위안부 할머니들은 나몰라라 한 범죄집단인데 무슨법을 만든다고? 이것들 돈에 미친 종북분자들일 뿐이다. #@이름# 대체 뭐길래 아직도 살아있나? 나라가 정신이 빠졌다. 다시 반공사상교육 이라도 해야 한다.,PO,,,,,
815맞이 하여 친일파 색출하고 파묘해서 민족정기 세워야되요. 또다시 위기 생기면 그 늠들 또 나라 팔아먹을겁니다. 그래서 드골은 친독파 6000명 학살햇어요. 우린 #@이름# #@이름# #@이름#등 처형못햇어요. 다행히 #@이름#가 #@이름# 학살해서 천만다행이에요.,PO,,,,,
민주당 OOO들아!  #@이름# 농지에 대해서는 한마디라도 해봤냐? 쓰레기만도 못한것들,PO,,,,,
지식인이라면서 좌파의 년놈들은 이념 논리에 매몰되어 기본적인 상식조차도 갖추지못하네,PO,,,,,
민주당 망하는 소리 들리네. 대서때까지 계속 끌고가줘. 부탁해,PO,,,,,
#@이름# #@이름#.....모두 기레기 출신에다 새천년민주당 출신들이네....강고한 기득권층(이들과 야합한 원심력)이 좌파진영에 숨겨놓은 X맨들......카멜레온 같은 유전자를 가진 변신의 귀재들이 하는 노림수......아무리 막장 기레기들과 싸움이라도 그 들이 유도하는 대로 품격을 떨어트린 #@이름#은 이적행위(利敵行爲)를 한 것이 맞다.....,PO,,,,,
국민의짐당은 의원들 부동산 조사 안하냐? 도적떼들,PO,,,,,
ㅋㅋㅋ..이런게 내부 총질이지..추는 정한테 술한잔 받아주고 그냥 입좀 다물라고 해야 되는거 아냐?,PO,,,,,
끼리 끼리 잘도 논다. 밀어 주고 땡겨주는 대한민국을 좀 먹는 좌파카르텔,PO,,,,,
근데 #@이름#은 시민들한테 대놓고 갑질쌍욕 개많이해왔는데 그런애를 지지한다고??? 진짜 이쯤되면 좌파애들은 그냥 민주당이 공산당 전환하고 독재 시작해도 찬양할거같은데? ㅋㅋㅋㅋㅋㅋㅋ,PO,,,,,
애쓴다  ㅉㅉ  창피한줄알아 #@이름#아^^그외똘마니들도 ㅋㅋㅋ 아직도 조작지지율믿는사람있을깡너가도대체 잘한게뭐니?  북한에 이와중에 백신퍼다준거?,PO,,,,,
이런데도 민주당에 표를 주는 ㅂㅏ보병xin 국민들이 있다? 뿌슝빠슝,PO,,,,,
지 살자고 배신하고 와서는 ㅉㅉ #@이름#이나 #@이름#나,PO,,,,,
척척석사 #@이름#을 불러다 강의를 들어? 정의당도 완전히 갔네!,PO,,,,,
뭉씨? 시방당신이 헌소리는 인자로 끝날것갓지는않소? 또 쬐금만가믄 또그럴틴디 #@이름# 뭐헌다요? 그냥 내버려두시요. 그나저나 그놈의 백신 올초에 1억명분 확보해놨슨께 걱점헐 필요읍다고혀놓고 으뜩케된거요? 오고있소? 안그믄 왔는디 딴데줘부럿소?,PO,,,,,
썩어빠진 정의의 윤10원 힘내. 장모가 사기친 돈으로 대선 레이스 나가야지,PO,,,,,
문빠들 드럽긴 하네... 솔직히 니네들 윤씨보다 #@이름# 더 싫지???,PO,,,,,
#@이름#이 지령받고 한미 훈련 축소하고  f35 스텔스기 예산 깍고  남은예산 여가부로 30조 돌리고 대한민국은 대통이 없고 부칸 지령만 있을뿐이고 서울부동산  의료 보험은 중국 인들이 싹 쓰리하고  대한민국 거지 만드는 특등 머저리,PO,,,,,
정권교체는 물건너갔어요. 꼬마 #@이름#가 당대표 당선되는 날 나는 이미 예상했지요. 최소 다음 정권까지는 종북좌파 집권이 불가피해요. 부동산 부자들은 집 절대팔지말고 보유하세요. 집값은 계속 상승합니다. 벼락거지들과 젊은이들은 내집 마련 포기하고 삶을즐기는 라이프스타일로 인생을 재설계하세요. 집은 임대로 살아야합니다. 주거비용 많이 들어가니 현금흐름을 잘 조정하세요.재벌들은 해외현지공장 늘려야합니다. 국내에서는 각종규제와 세금 정책리스크가 커요.여건이되는 부자들은 국내자산 처분해서 이민가세요. 그리고 벌이가 적은 분들은 애써 일하지,PO,,,,,
그나마 언론에서 까주니 요 정도지 ! 보수 언론이 연일 까대니까 작심하고 손보는중 국민이 다 안다 tbs는 왜 정치하냐? MBC는 정치 참여를 밥먹듯하고 jtbc 손새끼는 나라 망친 망나니,PO,,,,,
최원장님 #@이름#이 되면 큰일나요. 나라가 망하는 것을 보고 싶나요? 선진국에서도 성공한 사례가 없는 기본소득을 하겠다고 하고 있고 기본대출도 말하는데 재원마련은 구체적이지 않고 선동질로 #@이름# 이후에 또 속이려고 하고 있습니다. 소극주도성장 업그레이드 버전인데 여기에 속는 인간이 많아요. 당장 내눈앞에 돈만 온다면 좋다고 찍는 인간들 말이죠,PO,,,,,
저런소리 듣고 가만있음 그냥 국제적 바보 인증하는거지... 국내적 위기때마다 혐한 들고 나오는데 이번정부때는 우리나라 극우들의 힘받고 저런소리까지 하네.. 식민지였던 나라가 선진국되고 국제적 위상이 올라가니까 배아파서 관료들까지 미쳐돌아가보나..,PO,,,,,
#@이름#아 이제 니 계급장 알아달라고 광고하냐? #@이름#한테도 계급장질 그렇게 해대더만. #@이름#는 첨부터 알아서 긴거고. 그래서 국힘이 망하는거다. #@이름#는 니 계급장에 경례 잘해서 검증단장 시켜주냐? 그 #@이름#에 수꼴은 심판받아야 마땅할 보수의 원흉인데. 그런 놈이 니 계급장질에 도움이되니까 왼장채워주냐? 어디서 더러운 정치만 배워가지고. 누가 #@이름#키즈 아니랄까봐.,PO,,,,,
이로남불 최악의 대선 후보다. 반성은 커녕 뻔뻔하게 딱 #@이름# 스타일이네. 이러니 #@이름#이 밀어 주는 구나. 함께 대한민국을 망쳐라.,PO,,,,,
옳은 얘기했구만.피딱지도 안떨오진놈이 인기영합에 신경쓰고 자기당 후보들 욕이나하고 아주 못쓸놈이다.#@이름#과 여당 개들애게 덥비는것을 보질 못했다.그러나깐 자기동네에서도 국회의원을 몇번씩 떨어지지.샹긴것부터 분당만 초래할 놈이다.꼭 #@이름#과 #@이름# #@이름#이 보낸 첩자 같다.,PO,,,,,
윤전총장은 나는 사람에게 충성하지않는다 라는 의미는 나는 조직에 충성할뿐이다즉 검찰공화국의 영원한 똘마니로 남았어야 쩍벌남이든 뭐든 어울리는데한나라의 대통령으로는 어울리지않는다,PO,,,,,
의지는 알겠는데 무조건 받는다고 모가 해결되나? 미국이나 유럽처럼 시스템이 되어있어도 각종 문제 발생하는데 무조건 받아서 당신이 그 사람 집 구해 주고 직업 구해 줄건가? 감성팔이 좀 하지말고 생각을 좀 해라. 의원이나 되가지고 저렇게 무책임한 말만 하니까 국민들이 욕 하는 거에요,PO,,,,,
잘못된 관행을 바로잡는게 민주당이 개혁을 외친 이유가 아님? 하여튼 위선자들 에라 ㅌ ㅌ,PO,,,,,
#@이름# 이자도덩치에안맞게 참드럽게정치하네.,PO,,,,,
조국이 대갈에 우동사리만 가득하구나~!!,PO,,,,,
저 숫자도 믿을 수 없음. 하도 구라를 잘쳐서. 부정선거도 획책하는 인간들이 뭘 못하겠냐,PO,,,,,
?여성징병제? 실시! 여가부 폐기! 페미니즘 정신병,PO,,,,,
대통령선거 잘하자!!#@이름#대통령??만들어국힘당 민주당 정치꾼들정부공무원패거리세금도둑놈들과 추종자들조사해서 재산몰수정신교육대보내야한다 ?,PO,,,,,
#@이름#은 리얼 깡패에 사회주의자입니다. 절대 통치궍ㆍ가 되면 안될 인물,PO,,,,,
#@이름# 지사는.......일본자민당이 제일 껄끄러워 하는 후보 우리나라 재벌과 기득권.특권층이 제일 껄끄러워 하는 후보.....그럼 뭐...답 나왔지.. 시대의 흐름임,PO,,,,,
촉새 #@이름# 주접떨지마라 비판만 할줄아는 여자 지가 내는 안은 없고 이런 여자가 대권후보란다 기가 찬다 니가 안을 내봐라 지는 공격받을까봐 안도 못내는 주제에,PO,,,,,
민주당에서 다시는 공정과 평등은 입밖에 내지않길 바란다. 완전 위선자들.,PO,,,,,
대통령 코로나 대응잘해 지지율. 40퍼센트라는 희한한 #@이름# 보유국 ㆍ조작인가? 뇌가없는 국민이 그리 많은건가?,PO,,,,,
정말 어처구니가없다!! 깡패같은 대통령을 원하는건가?. #@이름# #@이름#의 독재정치에서 벗어나기위해 수많은 희생이 있었는데도 가족엔 깡패...여성엔 도구화...이런 깡패대통령이 좋은가?,PO,,,,,
민주당은 태생적으로 정책은없고 상대방 트집거리잡아서 표장사하는 무뢰배들이다. 정권탄생과정이 그렇다보니 5년간 거기서 못벗어나고있다. #@이름#도 우리편일땐 겁나 훌륭했는데 상대편되니 하루아침에 파렴치한 만들어버리는 클라스가 오진다. 지들끼리 싸우는 경선도 대체 정책은 어디가고 온통 오물만 남았다. 서울시장선거땐 백바지구두생태탕만 남었었지. 그렇게해서 얻은 정권이라서 또 그렇게하면 된다라고 생각하는 듯.,PO,,,,,
국민을 세금으로 약탈 해 놓고 뭘 잘했나? 문재인대통령 4년동안 실업자가 더 많아지고 있습니다. 2030대는 민주당은 실망입니다. 희망이 더 보이지 않고 청와대가 반부패 공화국입니다.,PO,,,,,
#@이름#도 찢편이면서 ㅋㅋㅋㅋㅋㅋㅋㅋㅋㅋㅋㅋㅋㅋ,PO,,,,,
‘경찰=#@이름#의 견찰’이니까 #@이름#씨는 지금 친문에게 버럭하는 거지? 하긴 #@이름#이 그대를 vip로 만들고 싶겠어? ㅋㅎ #@이름#이나 #@이름# 같은 애들에게 가서 빌어 봐.,PO,,,,,
쩍벌이 #@이름# 마지막서방도 대선*위 어쩌고 하니 개나 소나..,PO,,,,,
최저임금을 지역별 업종별 차등한다고?  웃기네 .  어느 지역의 어느 업종이 최저임금기준 상위니? 그럼 하위는? 역시 #@이름# 후보는 극우 쓰레기야,PO,,,,,
저 잡것들은 평소 하든 버릇인데 알면서 뽑아준 구민들이 공범이지. 대한민국 수도인 서울은 설라도가 점령. 진성 서울시민들은 꼬봉 노릇.,PO,,,,,
혐오는 민주당 전문분야 아닌가????? 여성단체 표 받을려고 남혐을 부추기지 않았나??? 페미단체랑 동거동락 하는 사이 아닌가???,PO,,,,,
ㅋㅋ 더민주는 더이상 대통령 편이 아니고만.. 언론중재법 가지고 정부 까는 사람들이 할말이 없어졌겠네 더민주나 패라,PO,,,,,
국방비 예산이 남아서 딴데써도 저런식으로 받아치는 개소리를 썩은보수들이 참 마이하지..#@이름#아. 고마해라.,PO,,,,,
듣보잡 #@이름#이 #@이름#로는 부족하냐?사과는 하고 의원짓하냐? 이런게 국민의 대표랍시고 떠들고있네정말 기가찹니다그려,PO,,,,,
#@이름#아 일베들이 뱅기 높이태워줄때 대통령된줄알고 엄청좋았지 이젠다른후보 또뱅기태워준단다 넌 추락하는뱅기는 날개가없단다 추락추락 ㅋ,PO,,,,,
국개의원들은 죄를저질러도 법에해당이 안되나 더듬당이 다감싸안으니까 더불어 가는거지#@이름# 처다만봐도 구토나올려고하네 웩웩,PO,,,,,
대선주자들 하나같이 #@이름#젊다고 상당히 우숩게 보고있구만 국민의힘 대선주자들 못봐주겠다뭐하는거냐 니들은 #@이름# 만만하냐 왜 자꾸 #@이름#못잡아 안달하냐 아주그냥 지들스스로가 국민의힘 지지층 이탈을 하게만드네 정말 어이가 없다 정말 국민의힘 이꼰대들 어찌해야하냐 지금 국민의힘 대선주자들 하는꼬라지보니 국민의힘 이번에도 여당되기는 다틀렸다 당대표를 우숩게보니 국민들 얼마나 우숩게 보겠냐고 이것 #@이름#만 문제있는게 않니구만 대선출마자들전부다 문제 많구만 #@이름#힘들겠다 저꼰대들때문에,PO,,,,,
자국민 자영업자소상공인들은 죽어나가는데ㅡ역시 북돼지의 충견은 그저 헤헤거리는군,PO,,,,,
한심한놈감투라는계인간을이리망가트린다. 이런애송이을대표로선출한국힘이#@이름#지 ?신당창당하던지비대위로가야한다. ?원후보의경륜이나실력을#@이름#가감히따러갈수있곗나 정치. 행정. #@이름#이런분이지도자가되어야지,PO,,,,,
아솔직히 민주당보단 얘네찍겟는데 내가 얘네 좋아했던 이유는 틀내 안나서 사기꾼냄새 안나서인데 이제 틀내나..,PO,,,,,
그럼 혐의 있으면 국민의힘과 친일 조중동 사라지니?,PO,,,,,
못난것들#@이름#에 놀아나고 벌벌떠는 한심한 정권,PO,,,,,
대깨들이 윤 후원금 많이 들어 온다 하니까  배가  아파서 뒹구네!  어찌 좌파빨갱이물이 들어서 우리 하고 모든것이 반대인가?,PO,,,,,
그냥 버릇이 없는거네. #@이름# 정도 정치 경력이 있는 중진의원이 가두리양식 운운한다고 네가 거기에 #@이름#을 돌고래에... 다른 후보들을 멸치에 비유하는게 상식적이라고 생각하는거냐? 3번 출마해서 다 낙선한 새퀴가 직접 상관없는 일부 국민들이 지지해준 결과로 당원들 지지가 미치지 못했음에도 당대표직에 앉았는데 하는 짓거리는 정말 양아치 이상도 이하도 아니다. 진짜 웃긴 새퀴다.,PO,,,,,
7순의 여인을 그 것도 죄도 없는 대통령을 끌어내고 문가놈은 잠이올까?,PO,,,,,
어젯밤 화나요 수만개 기사들은 다 삭제됐네요?난 #@이름#보다 더한 인간이 있을줄 몰랐는데그것도 민주당 대선후보라니여지껏 민주당은 그놈이그놈이지만 그래도 좀 낫다라고 했는데 #@이름#이 그걸 완전히 깨는구만요 민주당을 점령하긴 했네,PO,,,,,
빠들이 정치를 유린하는구나..,PO,,,,,
ㅋㅋㅋ 민주당 새끼들 수준 ㅋㅋㅋ,PO,,,,,
그렇게 얘기한다는건 결국 엉터리논문 표절한게 맞네.표절한 넘들 다들후보 사퇴하길 바란다.국모감도 대통령 될 자격도 되지 않는 분들이 나와서설처대지 마세요.,PO,,,,,
내년에 #@이름#이 청와대 나오면서 한마디 할 듯...\코로나! 미안하고 고맙다\ 덕분에 집회 막아서 탄핵 안 당했으니....,PO,,,,,
원래 뒤가 구린넘이 더 큰소리인법...방구 낀 놈이 성내듯이...정권만 잡으면 자기들 입맛대로...대한민국 은 정치가 바뀌어야 한다. #@이름# 회장 말처럼 대한민국 행정은 *류고 정치는 *류 라고....,PO,,,,,
조중동이 밀어주니 #@이름#는 외롭지 않네?? 사꾸라 !!,PO,,,,,
국민의힘은 북한에 대해 아가리를 닫혔으면 좋겠어요 그간 남북관계악화 시켜 죽사발되고도움이 하나도 안됐죠 분명 하면 안되는줄 알면서도 OOO 들은 항시 삐딱하게 나가고 국민을  선동하고 나라를 어지럽히는 국민의 힘은 해산해서 없어져야 합니다,PO,,,,,
#@이름#이 참으로 맛이 간 인간이네 언제까지 친일 어쩌고 찾을건가 그럼 민주당 이인간들은 북에가서 #@이름#이 만나고 오느라 수고했다고 #@이름#이 국개의원 만들어준 정당아닌가? 친북이네 참으로 한심한인간 이런인간이 나대는 세상이 됐으니 정원교체가 답이다,PO,,,,,
어떤 눔들이 #@이름#을 뽑아놓고 국수를 말아먹고 있냐? #@이름#를 제대로 모시던지 폭망하던지 해라.난 야당을 지지하지만 지금의 야당은 여당*중대다.사라져라.야당의 야성을 포기하려면 야당의원 모두는 국회를 떠나라!,PO,,,,,
역대급으로 뭣같은 정부다 주적한테 양해를구하고 훈련해?????듣도보지도 못한 나라 경험하게해주네,PO,,,,,
586 할배들 하나만 물어봅시다. 이게 당신들이 말하는 경험과 연륜이오? 존경과 공경은 마땅한 행동을 할때 받는거지 몇년 더 살았다고 해서 받는게 아니야. 지금 할배가 헛소리하고 #@이름#가 뒷정리하는게 옳은 그림이오?,PO,,,,,
썩은 정치의 상징인 법안 날치기 통과를 경기도지사가 뭔데 얘기합니까? 국회의원 *선이라 그런가 너무 생각없이 말하는 거 아니에요?? 경기도 코로나수 확진자수 폭증해도 인터뷰며 유투브며 다하고 돌아다니더니 ㅋㅋㅋ토론회는 취소??? 에이 그런다고 지지율 하락세가 멈출 것 같지 않아요.국민들을 바보로 아나 봄???ㅋㅋㅋ,PO,,,,,
문어벙이 한테 질 렸는데 똑 같은짓을 하는구나.#@이름#이땜에 표 떨어지는 어리석음을 범하다니... 왜이런 자충수를두어 공격의 빌미를 제공하니?그정도로 #@이름#이가 대단한 인물도 아니건만...,PO,,,,,
한국위상? 한국위상은 니넘 #@이름#의 조오댕이에 달려있지 위상 위상 하지마라 너 #@이름#넘과 마누라니언은 한국위상에 띠옹칠 하는 것들잉게,PO,,,,,
#@이름#이나 #@이름#은 #@이름#이나 #@이름#보다 낫다. 심가나 문가는 황당해서 민중의 삶을 극도로 피폐하게 한다,PO,,,,,
#@이름#와 뭐가다른가 정권찬탈자들,PO,,,,,
대깨문 빼고는 아무도 안 속는다. 연락사무소 파괴 직전의 형태로 복구해놓으면 인정해줄께. 우주특등머저리가 훠훠훠 짓어대지마라. 조용히 깜방갈 준비나 하고있어라.,PO,,,,,
쇼에 목매는 더듬이당과 #@이름#관련자들. 참 참을 수 없이 가벼운 집단. 욕도 아깝다.,PO,,,,,
그런 연이 정권의 댕댕이 노릇은 잘 하네.,PO,,,,,
정치인이란 직업은 극한직업이라고 할 수 있는데...왜냐하면 다수의 유권자들에게 늘 을이기 때문이지...쩍벌이와 #@이름#이 안되는건 저들이 평생 갑으로만 살아왔거든,PO,,,,,
아니. 민주당 캠프에서 간첩이 발견되고 민주당 여성당에 들어가라고 간첩문서도 발견됬는데 간첩기사 하나도안내다가ㅡㅡ 처음 단독으로 낸다는게 간첩은 #@이름#을 싫어했다?? 국민들이 개호구로 보이나 진짜 jtbc도 폐지해라. 간첩이 곳곳에 숨어있다.,PO,,,,,
소름돋는게 우파 코인 유튜버들이 #@이름# 까기 시작하니까 네이버 뉴스 방구석 여론도 갑자기 #@이름# 까기 시작함 ㅋㅋㅋ 좌파는 북한에서 지령 내리고 우파는 찌라시 유튜버들이 지령 내리나봄,PO,,,,,
슬슬 국민의힘 본색이 드러나네. 실컷 불쏘시개로 써묵고 결국은 본선은 자기들이 가겠다는 소리네? #@이름# #@이름# 마 조때따 아이가?,PO,,,,,
멍청한 국민의힘 그냥 끝까지 지들 마음대로하게 냅둬라.,PO,,,,,
정치방역 당국은 폭망하라 재수없다,PO,,,,,
정치에 장유유서가 어딨냐..ㅉㅉ 생각하는 꼬라쥐...저게 민주당 수준.....ㅉㅉ,PO,,,,,
얘네들은 그냥 지네편 아니면 다 토착왜구라고 하는거지지 뭐 ㅋㅋㅋㅋ,PO,,,,,
미국 간다고 다 쳐 맞더니 작전 수행하러 나가는 군인들한테는 신경도 안썼네. 배안은 위험 하다는걸 알면서도. 이게 케이방역 현실이다,PO,,,,,
고#@이름#! 아나운서가 아니라 개그맨 출신였나? 정신세계가 희한하네,PO,,,,,
ㅎㅎ 공부중인가보내요. 몇개월 공부해서 대통령되면 아무나하겠네요? 입만열면 극보수.꼰대,PO,,,,,
나라를 통채로  말아먹고있는 정권이다 정권교체가 꼭 꼭 꼭필요하다 대한민국을 살려야 한다,PO,,,,,
#@이름#정부의 폭정과 실정에 국민들 곡소리난다. #@이름#정부와 싸울줄 알고 싸워서 승리한 #@이름#만이 이 말도 안되게 망가진 나라 다 죽어가는 나라 살릴수 있다. 정권교체에 성공하더라도 민주당 180석과 맞장 뜨고 싸워 이기려면 #@이름#의 강인한 리더십이 필요하다. #@이름# 봐라. 무슨 허수아비 바지시장이냐? #@이름#도 그대로고 광화문도 그대로고 #@이름#방역도 그대로다. #@이름#과 싸우라고 국민들이 시장시켜줬더니 #@이름#과 협치하더라. #@이름#만이 나라의 썩어문드러진 친중종북주사파세력들 모두 끝장낼수 있다. #@이름#대통령 화이팅 !!,PO,,,,,
#@이름#이 대통령되면 무소불위 휘두르고 권력에 줄 세워서 나라를 완전 말아 먹을것 같은 생각은 나 뿐일까? 네편 내편도 필요없다. 줄서라!,PO,,,,,
현 정부에 기생해 고위직 해 처먹더 두 기생충들!열팔 덥다,PO,,,,,
김대업으로 뽕맛을 들이더니 얘들은 그쪽으로 특화가 됐어 한마디로 강아지 자식들이지 어떻하면 정권잡고 출세할까 가. 삶의 전부인 놈들이 대성공을 거둔게 현재의 나라꼴인데 십상시가 한 만마리 십만정도 있는거지 곳간의 쥐새끼처럼 곳간의 곡식이 다 지들꺼라고 믿는데 딱 여기까지다. 이제부터 사망의 골짜기에 전부 묻어버리고 새정치 *류정치를 위한 포지티브한 비젼으로 국가를 변화시켜야 한다. 그 첫발이 똥86 고인물 그 더러운 오물들 을 치우는거시다.,PO,,,,,
방가방가 새벽부터 꼴통보수들 많이 들어왔네 또 뭐때문에 이렇게 화가 났을까~???? ㅋㅋㅋㅋ 아무리 조동아리 털어도 눈 하나 감짝 안할텐데~ 우리 꼴통들이 언제부터 이렇게 관심을 가졌을까~?? 오늘도 폭염이란다 건강챙겨라,PO,,,,,
#@이름#은 한국 #@이름#.수원시장과 남양주시장 재난지원금에 반대했는데 자기의 선거전략에 반대 하는 시장에게 어떻게 했는가 국민들 바보가 아니다. 지도자 양심이 문제다.정말 가증스럽다.,PO,,,,,
정치꾼들 담합하여 갈라먹기? 잘해봐라 바퀴벌레들아,PO,,,,,
일하나는잘한다고? 퍼주는걸로 일잘하면 나도 잘하겠다 대통되고나면 부채 심각하지싶다 하루이틀겪냐? 이제는 정신쫌 차립시다,PO,,,,,
지가뭔데 경기도정에 이래라저래라...진짜 민주당이 왜 오합지졸인지 알수있다...#@이름#도 찍어냈던놈들답네...,PO,,,,,
#@이름# 정의당 노동자편 아닌가 ? 노동자들 이더운날 가랭이에 허물 벗겨지게 일하고도 허덕이는데 저따위 가 국회 에어컨 밑에서 장난 똥때리고 한달에 몇천씩 세금 들어가는데 맞냐,PO,,,,,
에라이 문디들아 진짜 삼성이 망해야 정신 짜리겠나,PO,,,,,
치료제 국산 셀트리온 렉키로나쥬를 빨리처방해라 장기손상후휴증이 장난아니라는데 왜? 있는약을 등한시하는지 정부관계자들과 정치권특히여당은 각성좀해야 니들 다죽었어  선거때보자,PO,,,,,
거짓말도 좀 성의껏 해라 넌 그냥 국짐당 바지사장이잖아,PO,,,,,
2색이나 저색이나 지가 대통령되고 싶은 욕망만 그득그득하고 인격이나 도덕심같은 기본덕목은 개줘버렸구먼 열심히 싸워라 그래. 어차피 둘다 개슷기면 민주당 망하는 쪽에 표줄란다,PO,,,,,
조선일보가 이런 기사를 낸다고? 아항... 윤씨 노이즈마케팅이구나. 좋은 내용이 없으니 이렇게라도 관심을 끌으려는거구나. 그런게 아니라면 조선일보가 같은 편의 삽질을 기사로 내보낼리가 없지. 선거판에서는 무관심이 최대의 적이거든.,PO,,,,,
어이 #@이름#이! 대통령 하고 싶어서 환장하다보니까 그렇게 밖에 말을 못하지? 국민의 눈높이에 못맞췄다고? 마치 국민의 눈이 높은 것 처럼 말하네. 국민 눈 높이에 못맞췄다고 하는게 아니라 국민 수준에 비해서 넘 저질이라고 말해야지. 너는 대가리는 얼마나 좋아서 사시패스 하고 변호사 했나 몰라도 기본적으로 싸가지가 바가지야. 국민들이 제일 싫어하는 인간성.,PO,,,,,
그럴줄 알았지.더듬어 너히들,PO,,,,,
훈련  반대하는  인물들  면면을 보면  뇌가  죄측으로  큰것이   보이는듯    짜이나와    훈련할래?,PO,,,,,
백신접종 안하고 파병한 군 통수권자 맞나 무능한 대통령 #@이름# 오로지 내편만 오로지 북한만,PO,,,,,
추매 저건볼에 보톡젓나맞아서 볼에심술이가득찾네~썩을!,PO,,,,,
#@이름# 전총장이  국민힘당에  들어가라는법은  없다. #@이름#  너  대표됐다구 너무  안하무인이구나  국민들을  알기를 ??  뭣으로아네  너희가 잘나서 국.힘  국민들이  밀어주는줄 착각하네  #@이름#아 정신차려라,PO,,,,,
하! 가지가지 골구로 하는짓에 이젠 웃기지도 않네 어쩌다가 나라꼴이 이런자가 대선 유력후보 자리까지 오르다니 궁민중에 단순하고 감정대로 행동하는 모자른자들이 이렇게 많을줄이야,PO,,,,,
공짜라면 좋다고 받아쳐먹는 국회의원들은 문제가 크다. 이나라 정치도 그리할테니.,PO,,,,,
국힘 안 들어갈 거면 조용히 자연인으로 지내거라. 하는 꼴 보니 넌 #@이름# 시즌*가 아니라 그보다 더 ??망신당할 거다.,PO,,,,,
내로남불 작자들이 할말은 아니지? 그리고 선전.선동조작방송은 좌파들 단골이지 거기에 성추행.성폭력자도 우리편은 무조건 옹호하고 그동안 성비리 나오는거 보고 대깨문들아 이성좀 가져라.그리고 지금 좌파 시민단체가 정치단체되서 온갖비리 터져도 주둥이 다물지요.그 많은 반대만 하던 시민단체 오데로 간다요?  청와대 나 구개의원 직행이지,PO,,,,,
언론 개혁이 필요하니 뭐니 게거품을 물더니만 결국 언론을 장악하려 드는 건 #@이름# 패거리들이네. 우리 국민들이 이들 썩어빠진 좌좀 무리들을 절대 용서하면 안됩니다. 정권교체 반드시 이뤄내서 모조리 감옥에 쳐넣읍시다!,PO,,,,,
아니 저 둘을 비교하는 자체가 모순이다.. 이 지사는 여지껏 야당으로부터 검증을 넘어 정치공작도 보티고 온 사람과 아직 한번의 검증도 없는 짜장과 어케 비교를 ㅎ,PO,,,,,
어차피#@이름#이이긴다고? 내가알기론 #@이름#한테발리고있다가 킹크랩으로여론조작하고난뒤로 #@이름# 지지율떨어진걸로아는디? 그렇게 조작질해도 #@이름# #@이름# 지지율이 #@이름# 표 넘어섰던거는모르는가? 조작질안했음 #@이름#은 대선*등했을걸??,PO,,,,,
#@이름# #@이름# 빼고 진보는 다 쓰레들,PO,,,,,
사꾸라 #@이름#..저런게 대권에 도전한다는게 부끄럽다.,PO,,,,,
다음 코스는 광주 찾아 눈물 찍기 다음 코스는 재래시장 찾아 오뎅 처묵하기 다 #@이름# 쓰앵님이 하신 짓임 스토리텔링은 아직도 #@이름#은 배가 고픕니다로,PO,,,,,
맞는말이네.대표의 직무가 무엇인지.우선순위가 무엇인지?국민보다도 모르는자가 무슨 당대표.대선앞두고여당의 *중대 앞잡이말만하니?과연 야당의  대표인가?계급가지고 말하면 계급에 맞게 일을 해야지.하는일은 훈련병이나 하는 행동을 하니.모든국민이 무엇보다도 정권교체를 간절히 바라는데..정말 개탄할 노릇이다.그리고 여당 앞자,PO,,,,,
문빠들에게 잘 보이려면 친북이 필수인거냐?,PO,,,,,
가증스러운 #@이름# 역겨운 더러운당 괴수놈.,PO,,,,,
진짜 팔푼이들. 이런자가 대통령 후보라니.. 참…,PO,,,,,
아무도 모르는 새벽 4시에 언론재갈법을 통과시킨 뭉가리패들이 아프간 난민들 방안에 대한 미국 등 언론 질문엔 반항하고 하기 싫고 대꾸도 안하더니 아프간 현지에 대사관 직원이나 군인도 없이 391명을 어떻게 각 지역에서 공항으로 데려오고 수송기만 가서 직원도 없이 어떻게 이 많은 인원 관리 태우겠나? 모두 미군들이 정리하고 파키스탄까지 모든 걸 해 주었고 이 정권은 단지 수송만 해 온 걸 무슨 인권? 정부를 도왔니? 선심쓰는 것처럼 숟가락얹어 선전하네.,PO,,,,,
민주당 하는 일이 다 그렇지 모. 양철 냄비? 속 다 보인다 이것들아… 아 염치는 엇다 두고 사는가 모르겠군.,PO,,,,,
얼마나 쓰레기같이 독재하려고했으면 감찰기관의 수장들이 죄다 정치출마를 선언하냐? 스스로 떳떳하여서 불법적으로 탄압하던 대상을 단죄하겠다는게 아니면 대체 왜 감찰기관수장들이 출마선언하고있냐고ㅋㅋㅋㅋㅋㅋ,PO,,,,,
#@이름#씨 솔직히 말하세요 수구정당인 국민의 힘이 되기를 바라잖아요 선거 컨설팅 하면서 국민을 호도 하지 마세요 은근히 #@이름#을 띄워 주는 행태 당신도 언젠가는 수구정당 비례대표로 입성 하겠네 그래도 기왕이면 미덥지만 민주 진영이 되어야 국민의 삶이 나아진거요 이상한 언어유희로 국민을 희롱 하지 마세요 개혁은 언론이지 않겠소?언론만 제대로 보도만 하면 윤씨 같은 개검이 안 나온다,PO,,,,,
#@이름#는 딴따라가 아니지... 그저 순수한 떼극기 부대 같은 철없는 늙은 녀석일뿐...  나이 먹어 갈 수록 현명해 져야 하는데 가끔 #@이름# 같이 철딱서니 없는 녀석이 나오긴 하더라. #@이름#야  이제 그만 나대고 이번에 돈좀 챙겼으면  당분간 돈 떨어질때까지는 조용히 자빠져 있거라. 다른 가수들도 코로나로 힘들어도 방역때문에 참고 지내는거야...  ㅉㅉ   언제 철들까?,PO,,,,,
이제 드러내 놓고 북한을 옹호하는구나. 뻘갱이들이 득실대는 꼴을 보고만 있어야 하나? 밥숟가락 얹기 전문꾼 #@이름#야 니 아가리로 절마한테 뭐라고 할 리는 절대로 없겠지?,PO,,,,,
윤씨나 #@이름# 거게그거지 정부정책가지고 이슈을만든 그넘이 그넘이고 군대복무 미필자가 할말있나 군데목무미필자가 이래라 저래라 하지마라 지겨운 쑤구레같은니 너같은 인간들 살면서 많이뵈다 저는안하고 남보고하라고,PO,,,,,
책임감도 없고 뚜렷한 국정철학도 없는 자칭 진보 폴리패서들끼리의 리그~한심하네요,PO,,,,,
내가 경기도민인데 절대 반대일세!그리고 #@이름#는 입명 철해하고 도지사 계급장 떼고 경선에임하라! 지금 장난하냐 막바지에 여기저기 사람 꼽는거 그럴수록 당신 표는 없어진다는거! 도민들 개ㆍ돼지로 보지마라!,PO,,,,,
역시 기회주의자 #@이름#답다. 확실한 주관이 없는 이런 엉터리 이중인격자가 나라를 어떻게 맡기겠는가,PO,,,,,
야...민주당에서 전국민지급 주장할때는 개거품 물던 인간들이.....이준잣대가 합의 했다니깐 전국민지급이 맞다네. ㅋㅋㅋㅋㅋㅋ 지지자들의 이준잣대.,PO,,,,,
그리 날고기던 야권 국짐당 중진의원님들. 머하시고 ㅎㅎㅎ 지역주민들이 일하라 선출했더니 다들어디가신건지???,PO,,,,,
배신자 #@이름#가 거짓말이 입에 베었네. JP묘소 앞에서 뻔뻔스럽게 한 말이 가관이어서 하나 선물해준다. 자유한국당 대선주자인 #@이름# 경남지사가 #@이름# 전 대통령을 겨냥해 \#@이름#인 줄 알고 뽑았더니 향단이었다\며 \탄핵 당해도 싸다\고 독설을 날렸다. 2017.03.29. 조선일보 채널A YTN 노컷뉴스 머니투데이 등등에 실린 기사다. 배신자는 #@이름#와 #@이름#이다. 두 놈 다 탈당했다 들어온 놈들 아니냐!,PO,,,,,
원조 대깨 ㅇㅈ,PO,,,,,
이거는 진짜 아니다! 감옥가는법을 제정해야지 욕하면 처벌하는법을 제정한다고? 제정신이여? 여기서 민주당은 완전 끝!,PO,,,,,
#@이름#이 추구하는 것이 도대체 무엇인지 의문스럽다. 좌파진영에 몸 담았다가 좌파를 배신하고 좌파를 공격해대다가 다시 우파를 비판하는 우왕좌왕하는 모습이 본인 스스로도 정체성을 상실해 버린 것 아닌가 싶다. 종북좌파의 영구집권을 막기 위해서는 우파가 다소 미흡하더라도 김 빼지 말고 밀어줘야 한다고 생각한다,PO,,,,,
#@이름# ㅋㅋㅋㅋㅋ 동네 방위병 출신의 위용 워낙 병역기피자들이 많은 저 쪽 당에서는 방위만 해도 좀 먹어 주니 기고만장해서 떠들어 대다 무식함만 자랑 하고 끝남 딱 시골의 주정뱅이 노인 스타일 저런 사람이 대통령 하겠다고 두 번째로 기어 나오는 꼴이라니 국짐 클라스 진짜 ㅋㅋㅋㅋㅋㅋ,PO,,,,,
그리만 해 준다면야 보수를 지지 않할 이유가 없을듯 극우 쓰레기 포함 보수가 더 많은 우리나라에 진보에 밀리는 이유는 극우 쓰레기 끌어안을려고 인정을 안해서 아닌가 #@이름#같은 머저리쓰레기같은게 해 먹을려니 되나요,PO,,,,,
진보라고 포장하는 선동의 대가들. 너네는 진보가 아니야,PO,,,,,
#@이름#장 잘하는건 지가 싫은 사람은 탈탈 털어 지잡대봉사상같은 걸로도 온가족 기소하기와 지 측근과 가족은 밥적용 예외두고 불기소하기~ 사회문제는 아무 관심도 없었던 넘이 속성과외선생은 조중동 기레기들이니 무슨 말만 하면 탈나지~,PO,,,,,
K방역 자화자찬 하더니만 이젠 또 백신탓 하시는건가요? 아니 잘한다고 떠들지나 말던가 호들갑은 오지게 떨어놓고 무슨 개망신인가요..,PO,,,,,
당대표 잘못없음꼰대들과 똥파리들이 어린 당대표 흔드는게 문제지,PO,,,,,
이런 사람을 대통령 시키겠다던 국힘. 아주 나라를 통째로 미치광이 광신도 국가 만들 뻔 했네.,PO,,,,,
가기 인스타에서 여초발 남혐단어를 처 썼으니까 해명해보란건데 선동오지게하네 ㅋㅋ 민주당이 아버지랑 아주 하는짓이 똑같아 ㅋㅋ 그리고 숏컷댓글? 그저 느그 궁뽕러들이 좋아하는 kpop에 관심있는 동남아인이 쓴거다 이걸로 억울하게 한국남성을 처 패고있네 제발 선동 좀 그만당해 모지리들아....,PO,,,,,
참내 하는 짖거리들이 더불어 도라지당 맞구만...야비하고 저질스럽고...그래~ 그래서 #@이름#총장님이 대통령이되는거야~~정떨어지는 정권!!,PO,,,,,
내로남불 공산당이지머..,PO,,,,,
#@이름#이 혐의가 밝혀졌다는거는 2017년 대선은 문제가 있었다는거죠. 아직까지 대통령 직을 계속하고있다는게 정말 내로남불입니다. 좌파는 저래서 보지도말고 뽑지도 말아야합니다.,PO,,,,,
리얼미터 사장늠이 #@이름#과 친구라 신뢰가 안간다.더구나 #@이름#과 리얼미터의 작품이라 간첩 의심받는 #@이름#이 415% 지지율이라고? 곧국가여적죄로 수갑찰늠이.,PO,,,,,
#@이름# 몰아주고 스스로 폭망하기.     야권은 최악의 시나리오니깐 빨리 갈아타라. 전문가는 아니지만 눈에 훤히 보인다.,PO,,,,,
다 알고 있는내용 계속 올려주고 #@이름# 과련 기사는 단 한줄 도 없냐 진짜 넘 하는거 아냐 대한민국 에는 태극기 부대만 살아 가는 곳이 아닌 것을 부동산 폭등시킨 무능한 문통을 이렇게 해서 심판 하것냐,PO,,,,,
대통령이 저러니 나라꼴 잘될턱이 없는법.,PO,,,,,
문가는 쑈를 해야하기때문에 되고 진짜 애국자들인 백성들은 안되는거냐??,PO,,,,,
해석 - 나 아니면 안된다 ㅎㅎ 30% 지지율인 #@이름#이나 10% 지지율인 #@이름#으론 안된다 3-5% 지지율인 나 아니면 안된다 ㅎㅎ 대통령병 치료불가 ㅎㅎ 국개 3명 데리고 나가서 3-5% 지지율 잡아먹으면 개#@이름#이 되는거지 뭐 ㅎㅎ 제*의 #@이름#씨 정신차리세요~,PO,,,,,
세월호 당시 쫄쫄 굶다가 장관이 컵라면 하나 먹었다고 개지~~~~ 롤들 하더니…,PO,,,,,
쩍벌남이 갑자기 소통하려 한다고 되겠나... 소통 될것 같으면 보는 사람이나 옆사람 배려해서 쩍벌을 안하지,PO,,,,,
#@이름#이 제발 돈받아라 쫒아다녔냐 어디서 쓰레기 정치질이냐 좌파이념으로 더는 글로벌 대표기업 욕보이지마라 죄받는다,PO,,,,,
국힘당은 경찰서 가서 어여 조사해봐라 ??내가 풍긴다,PO,,,,,
#@이름#은 연초부터 재수없고 경솔하게 본심을 들킨 사면발언으로 이미 명줄 끝났는데 참 용쓴다.. 민주당대표로서 기여한 게 뭘 한 게 있다고? 전남도지사일 때도 일 못해서 전국 꼴찌! 일도 못하고 입만 살아서 말만 잘 하는 무능한 능구렁이 기회주의자!,PO,,,,,
군대가 집단으로 코로나19에 감염되어서 국민걱정이 말도아닌데 청와대가 하는짓거리가 장병 수송 잘했다고 자화자찬하는꼴이 목불인견이다 우리군대가 이지경에 이른건 문정권의 #@이름#가 먹기좋게 군의 오합지졸정책의 결과라고 볼수있다 무슨전투기 무슨 무기를 도입했네 하는것은 하나의 입막음용이고 정작 군인의 정신 기강을 무너 트려서 오합지졸로 만드는것이 목표가 아니였을까? 그동안 #@이름#와 중국에 대하는 꼬라지가 그런거 안닌가싶다,PO,,,,,
이 종북좌파 놈들 정권 말이 되니까 더더 발악을 하네,PO,,,,,
한일병원에 마누라있는 청ㄹㅐ야. 대체 그병원은 좌파들 소굴이냐. 누가보면 자식인것처럼 거품물고감싸네,PO,,,,,
여당대선후보 잡것들은 #@이름#만 단체공격하네~~~! 그만큼 두려워서인가요?ㅋㅋㅋㅋ 그래도 꿈쩍않는 #@이름# 홧팅입니당~~~~~,PO,,,,,
#@이름#과 #@이름#.   차이가 나도 너무 난다.  사기꾼은 품에 안고 참정치인은 죽어라 공격하는 민좇당의 클라스.,PO,,,,,
#@이름# #@이름# #@이름# #@이름#에 관한 우덜식 날조된 역사 보고 사실인양 믿고 떠드는 수준 부끄럽지 않냐 ㅋㅋㅋ 진짜 #@이름# #@이름# #@이름# #@이름# 역사를  공부를 하면 공부하라는 이딴 개소리 하지 않지 좌팔이들은 ㅋㅋ,PO,,,,,
천상천하 #@이름# 독존이로구나 참 국민의 짐 인물 참 없구나 시골 이장이 대통령을 해보시겠다네 ㅋㅋ 저런 인간 정치권에서 퇴출시켜야 될 *호 정치인 참 인물이 없구나 참,PO,,,,,
#@이름#씨는 #@이름#이 당대표라고 생각되지도 않고 그렇게 보이지도 않나보다~ 그냥 쌩 무싯하느거지~~같은당 #@이름# 변호사의 #@이름#에 대한 평가대로\ \연예인병\ \뱀같은 녀석\ \안하무인\에 이어 \O신\\핵노답\으로 생각하나보다!!,PO,,,,,
저 비겁한 문패거리들이 양보할리는없고 그냥 탈당하고 조사받는게 진정성있어 보일듯. 이번일로 #@이름#은 거물정치인 될듯.,PO,,,,,
조직적으로 집단화한 주사파 종북세력을 파생하도록 방치한 #@이름#ㆍ#@이름# 정부놈들은 극단좌파 민족주의자 놈들이 언제나 주장해왔던 \ 그럼 다시 전쟁을 원하는 거냐~? \라는 논리에 굴복하고 평화공존을 운운하며 핵무기 전쟁위협에 압도되어북괴놈들을 불법지원하고 평화쇼를 벌이는 동안 북괴놈들의 핵무기 개발시간을 벌어주어 지금도 우린 북괴핵무기 위협에 시달리고 있다. 우리가 핵무기이든 전쟁이든 두려워하지 않고 우리의 가족과 사회 대한민국을 지키기 위해 전쟁불사의 단호한 국민적 의지와 노력을 하였다면 북괴정권은 이미 무너졌을 거다~!,PO,,,,,
진짜 대가리가 있긴한건가 외교적으로 풀 문제를 스포츠 선수들을 희생양으로 삼아 반일프레임 짜서 정치적으로 이용해먹는게 도대체 외교적으로 무슨 의미가 있는지? 무지성 반일타령하는 대깨들 찔러서 국내 정치하는거 역겹다 증말,PO,,,,,
정권교체~ 웃기고 자빠졌다. 모지리들,PO,,,,,
전체주의는 대깨들이 죽어라 빠는 북한이랑 중국이지,PO,,,,,
야당은 여당에서 떨거지 된 사람들만 모으니개차반 당이 됏네요.ㅎ,PO,,,,,
너나잘하세요 #@이름#부터 누굴떨어뜨리려 나왔다는게 대동후보자가 맞냐? 이중대 맞잖아 아님 한몸통이든지,PO,,,,,
천하에 비겁한 기회주의자는 #@이름# 최씨가 여당편이라도 조문했겠냐 돌아이 ㅅㄲ,PO,,,,,
#@이름#아 #@이름# 밀고 #@이름# 손절쳐라. 혼자 독불장군식을 나가는 #@이름#를 굳이 입당시키려고 애쓰지 마라. #@이름#이 니가 대표이고 머리가 있는 넘이면 시한폭탄 안고 전쟁치루는건 아니겠지? #@이름# 입당시키면 국힘당 침몰한다. 이번 기회 여당 자리 탈환할 기회를 영원히 잃어버린는 격이다. 명심하래이. 형이 하는 말이니께,PO,,,,,
오똥#@이름#.#@이름#이 친정이네.#@이름# 빨아대던.근데 내형이 엄마한테 쌍욕을 해대고 거시길 찢어버리네 어쩌네 하는데 가만있으면 자식색귀가 아니지 않나?오히려 #@이름# 탄핵때 #@이름#이 태도가 더문제라고 본다나는.,PO,,,,,
누구 머리에서 나온 생각인지 좌익넘들 수준하곤,PO,,,,,
이래저래 이지사는 자격미달입니다.혹시라도 집권하면 성스캔들로 해외토픽뜨고 가족문제는 덤으로 따라올텐데 그야말로 나라망신 아닌가요?,PO,,,,,
OOO들 모임이네. 뉴스에1분도 못나오는 뒷방*류아나라 잃을것도업시 친문좌파 방송국설립하려고 아나퇴사하고 개쌉친아나들. 와꾸만 번지르하고 속은맘충들과동급. 소신지키고 아나로서 소명을다한 #@이름#이 새삼 이쁘다,PO,,,,,
★속보★!!!! ㅈ됐다~~!!!! 국민가수 #@이름#도 빨갱이다~~ 마!! #@이름#이 저거 고향이 으데고?? 전라도 아이라 #@이름#??,PO,,,,,
권력범죄자 맞자너.아방궁에 대북송금에..영부인도 꽤해쳐 먹었다거하던데 끼리끼리 해묵은건. 다아는사실인데도둑이 제발저린다더니..해먹었나보네,PO,,,,,
그냥 어디 섬하나 사서 공산주의 만들고 틀니쉰내 품기면서 살어,PO,,,,,
그냥 했다고해도 15년부터한 #@이름#한테물든거지 #@이름#좀 그만잡아라 본질은 #@이름#와 마약과 정경유착과 썩은 정부아니였나,PO,,,,,
댓글은 ㅈㄴ보수적인데 왜 지금 정권은 좌파인지.. #@이름#가 잘못했네,PO,,,,,
두시간 동안 괜찮게봤는데 괜히 트집이네;; 아마 블랙리스트여서 일베들 더 난리치는듯,PO,,,,,
딱 빠수니맹바기 아들일 듯위장결혼각,PO,,,,,
또 자한당 짓이냐?ㅋ,PO,,,,,
#@이름# 이놈의 북한사랑에 환장한 정권이 또 한가정 풍비박산나게 만드는구나,PO,,,,,
#@이름# 오늘만 몇번째냐 온갖 연예인 기사로 도배중이네 #@이름# 덮으려고 더러운정권,PO,,,,,
분별없는 피해자가 가해자를 죽음으로내몰다니 좌파정권이 득실데는장에서 한사람이 또 생을 마감했네 나라가 얻로 가는지 한심하다 피해자라는 인간들이 또 가해자로 나서네 정말 사람을그렀게 만들어야했는지 제발정신좀차려라,PO,,,,,
블랙리스트에 올린 자한당보단 낫지않음?축하하려고 초청한건데 너무 예민하게 반응하네ㅋㅋㅋㅋㅋㅋㅋ자한당은 세금으로 박물관 세울거란다난 좌파 우파 둘다 싫은데 우파가 더 토나옴ㅋㅋ,PO,,,,,
엠빙신 채널지운지 오래 #@이름#뒺문으로 들어온 적폐 사퇴시키고구속해야지.국정농단#@이름#은 정작 국민대중이 원하는 조사나 구속은 없고 지가 싫은것만 벌하면서 경제말아먹는싸이코 이중인격 찐따,PO,,,,,
우리#@이름#정부의 정치풍자는 차마 할수없당께.ㅋㅋㅋㅋㅋㅋㅋㅋ,PO,,,,,
우아 #@이름#누나를 비방하더니 ㅋㅋㅋㅋ 이젠 생시람잡네 보수집권 멸망 #@이름#대변인 주적은 북한이지만 니넨 쪽바리 제일 나쁘다는걸 명심해라,PO,,,,,
우익 꺼지셈,PO,,,,,
우익넘들 편에 선게 뭔 자랑이라고..덕분에 #@이름##@이름##@이름##@이름##@이름##@이름#..쓰레기악마들 보게됐지.,PO,,,,,
#@이름#은 좀 꺼져라 보수의 배신자 새끼 #@이름# 대통령 덕보고 정치생활 했으면서 뒷통수를 때린 비열한 놈,PO,,,,,
이미 떠난 사랑 억지로 붙이면 뭐하나 구질구질하게. 그것도 법원이 무슨 권리로? 참 한국 사법부는 후진적이다,PO,,,,,
이젠 여배우? 자유한국당 더럽다 적당히해라,PO,,,,,
자한당은 어떤모습인지 이드라마에서 확 띄든데...그 역관새끼..,PO,,,,,
저 #@이름# #@이름#때 사람이라며? 좌파들 처음에는 신나서 승리 물어뜯더니 까보니 자기쪽 사람들 ㅋㅋㅋㅋ,PO,,,,,
저 친일파 무개념은 왜 계속 나오는거냐? 제작진들이 개념이 없네,PO,,,,,
정센터 비호감 얼마나더 언플로 연명할지,PO,,,,,
좌좀????? #@이름# 우파 커밍아웃한거임??????????????#@이름# 디스곡은 왜 냈었지???,PO,,,,,
좌티비씨가 사람죽이노,PO,,,,,
좌파 #@이름#은 잘못절대 인정안하는데 우파는 쪽팔린거 알아서 잘못은 인정하지 좌파놈들 역겹다,PO,,,,,
지금 정부는 #@이름#때보다심한거같군덮을거있음 연예인기사...언론좀 적당히 선동해라더러운 정부야,PO,,,,,
탐관오리에게는 죽음을~ #@이름# 정부 저격? 하긴;; 강원도 산불났는데 시장이란넘은 15시간 씩이나 평일에 제주도 여행하느라 자리비우니;;; 욕먹을만도 하지.,PO,,,,,
프듀1 주작없음 #@이름# 1명주작 이런 개소리를 믿는 흑우들 없죠??,PO,,,,,
네이버 검색조작 댓글알바 여론조작조사안하니? #@이름#OOO 들어오고 여기저기 비리가 더 심각하고 쓰레기들이 판치면서 방송 말아먹고 나라 말아먹는즁.#@이름#촛불시위해서 퇴출시켜라,PO,,,,,
우한폐렴 초기에 중국에 아양떤답시고 정부 차원에서 마스크 퍼주고 중국놈들은 한국꺼 사간다고 사재기하고 남는 마스크가 있겠냐ㅋㅋㅋㅋ,PO,,,,,
ㅋㅋㅋ 엠빠꾸네 정부 비난질 일삼으며 조센녀를 무슨 지들 성노예 위안부 취급 하더니,SE,,,,,
누나 이날 뽕을 너무 과하게 넣었네,SE,,,,,
다벗어노코 절대아니라네 ㅎㅎ 옷좀지데로입고다녀!!,SE,,,,,
말이 올림픽이지 전세계 남녀가 모여 섹스파티중이지,SE,,,,,
바퀴벌레의 교미에 왜 600만원이나,SE,,,,,
더듬고꽂는 강간당이냐 왜 그래 쓰레기들아,SE,,,,,
남자가 맞으면 거시기가 커지겠네요 ㅋㅋㅋ,SE,,,,,
트젠에 동성애에 갖출건 다갖췄네 어디 깊은 밀림속에 들어가서 둘이 쭉쭉 빨고 살어라,SE,,,,,
#@이름# 강간당 눙물 머가리에 든게 없으니 친중을 하지 친미 했으면 지금 국민들 백신 다 맞고 확진자수 100명 이하 일듯 짱깨 추종하는 공산당 더듬어 강간당 때문에 나라가 죽어간다 페미 북괴 짱깨에 먹힌 대한민국,SE,,,,,
사람이 아니라 발정난 개떼들 같네................ 저게 실제로 일어난 현실이라니 할 말이 없어.,SE,,,,,
백인 치고 진짜 날씬하네 ㅡ 몸매에 대한 자부심도 ㅡ 저런 시위 하는데 한 몫 한 듯,SE,,,,,
트젠이면 그기모양도 바뀐거 아니냐? 어케 자연임신이 가능한거냐? 여자트젠 곧휴 남아있는거??,SE,,,,,
친밀감이고 뭐고 이성의 몸엔 터치 자체를 하지 말아야한다.,SE,,,,,
사람이 짐승이구나 제대로 못배우고 성욕이 눈에 멀고 신분제도를 만든 짐승들 ...,SE,,,,,
키스도 모르는것들이흉내내다가니들이 맛을알아?,SE,,,,,
조흔 방댕이다..,SE,,,,,
#@이름#은 도대체 팬티 언제 벗는다냐?  벗을때 형수도 불러서 구경 시켜라~,SE,,,,,
앤드루는 무시무시한 왕자(이)지. 조심해야 되는 흉기.,SE,,,,,
미국 *군한테도 처발리는 수준에 과분한 연봉 받고 호텔에 여자 불러 밤새 놀고 심심하면 도박에 잊을만하면 승부조작에 국가를 대표해서 나간 올림픽에는 운동회만도 못한 자세로 임하고. 메이저리그 중계하고 개비오는 걍 해체해라 배부른 돼지들 데리고.,SE,,,,,
아..야동을 넘 많이 봤구나..나라 망신..,SE,,,,,
니들은 집단 자위해라 난 개별 자위할란다.,SE,,,,,
유두가 볼록한 게 노브라네.,SE,,,,,
#@이름#은 여전히 자위중,SE,,,,,
AV배우가 선수촌방문하여 XX신작나오겠지,SE,,,,,
자지가로봤다;;,SE,,,,,
한녀들아 보고있냐? 이게 모성애다 백인한테 엉덩이 내미는 한심한 한녀들,SE,,,,,
올림픽이라 쓰고 선수들 ㅅㅅ엔조이페스티벌 이라고 읽는다.,SE,,,,,
남자가 꼬쭈 띠었다고 여자 목욕탕 들어간다는게 말이 되냐 눈 ㆍ깔은 남자 인데,SE,,,,,
물고 빨고 주접들떠니 화이자 할아버지라도 안걸리고 배기냐;;; 백신 처맞아도 마스크 쓰고 방역잘지켜야하는거야,SE,,,,,
와서 호텔에서 00끼고 술 드세요. 볼게 없어 본다,SE,,,,,
꼭쥐쓰좀 까꿍못게 정돈하고 탑승을 했어야지,SE,,,,,
여자를 성으로 판단하지 그럼 뭘로 판단하나요?? 성이 문란한 윤락녀나 동네빠순이를 당신 배우자로 삼을수 있습니까?? 여자는 성으로 판단하는겁니다..우리나라도 은장도 보세요..성이 문란하면 가문이 더러워져서 마누라나 여친을 자결시켰습니다..이거 다 여자를 성으로 판단하는겁니다..그래서 과거 보는거임..,SE,,,,,
저런인간하고떡치는인간있을까?우리나라에도 심하게퍼지고있는데나이먹어봐라 땅치며후회할거다,SE,,,,,
그노무 처녀 못 잃어~~~~ 한국도 예멘도 처녀 무쟈게 밝혀요~~~!!! 경험 없는 도태남들이라 그런가?,SE,,,,,
솔직히 저 바지가 더 야한데…,SE,,,,,
개라..스가..소통이 뭔지도 모르는거 같은데 누구말처럼 혼자 자x나 하면서 곰곰히 생각좀 해봐라,SE,,,,,
사진에는 꼭지도 보이는거 같은데? 부적절한거 맞구만,SE,,,,,
미안하지만 성적 대상화가 없으면 여성 스포츠를 볼 이유가 없어. 핸디캡을 가진 이들의 분투를 보려면 장애인 스포츠가 훨씬 감동적이지.,SE,,,,,
딸딸이라고 했나요?,SE,,,,,
av많이 받구나,SE,,,,,
그냥 비키니입고 입장하지. 어중간하게 벗으니깐 입장을 못하지요^^,SE,,,,,
방역 잘한다고 자신있게 말하던데...정작 팩트는 백신도 못들여오고 있네?이걸 보고 팩트로 좀 말했더니??심지어 #@이름#씨는 형수음부를 찢겠다는데???,SE,,,,,
남자 수영선수들 웃통까고 쫄쫄이 입은거 보면서 환장하고 몸매 품평하면서.. 무슨 지들만 당하는줄 ㅋㅋㅋㅋ 인간의 본능을 부정하지마.,SE,,,,,
남자친구도 아니라 그냥 친구고 성관계가 아니라 성폭행이다,SE,,,,,
문신했으니까?다 벗고다녀라.볼만하것다ㅎㅎㅎ,SE,,,,,
노마스크 노브라 노팬티 노노노 !!??,SE,,,,,
이슬람 뿐만 아니라 종교는 지구상에서 사라져야한도 기독교 천주교 다 위선자 들이다 신부목사라는자들이 왜 야동을 잘보지 이런 위선자 이중 인격자들 인간은 그냥 인간 동물 일뿐이다 욕망 욕심 그냥자기 방어적 동물일뿐이다 이게 자연의 법칙이다,SE,,,,,
뭐 댓글보니 딱히 여기도 언제든 저렇게 하고 싶은 남자들 투성이인듯 아 근데 저긴 거리에 여자들이 없으니 결국 남자강간하고 다니더라,SE,,,,,
4번이나 쌌다고? 고녀석 대단하네 나는한번도 겨우...,SE,,,,,
솔직히 인정하자~ 뭐 아프간까지는 어니더라도 미군 없었으면(없으면) 우린 진짜 어디서든 개털리 듯 털렸을 것. 현역 출신들은 복무 당시 귀에 못이 박히도록 들었겠지만 유사시 미국의 자동계입 인계철선의 역할. 이게 진짜 중요한 거다. 그러니까 못 건드리는 거지.. 그건 그렇고 난 예쁜 주한미군 아가씨를 만나보고 싶다..사랑해~♥,SE,,,,,
깨끗한 물 한모금에 여성들은 몸이라도 팔면 갈증을 해소할 수 있지만 기사에는 없지만 남성들은 갈증으로 죽어나가고 있다는 것이네요. 이를 강조할 필요는 없는 것 아닌지?,SE,,,,,
저거 딱 1.4키로에서 저격하면 거시기에 맞출 수 있는데.. 그 담엔 욱일기 들고 있는 손모가지..진심 실천하고 싶다..,SE,,,,,
그게 과다노출  아니면 옷입은  거냐  ? 유두에 밴드  붙치고  생리대만  걸치면  지금  그의상과 거의  같은거  되는거  아니냐,SE,,,,,
국제 뉴스는 천일 조선  마음대로 읽고 기사쓰나. 미국은 재택근무 하라고 하네. 집 밖으로 나오지 말라꼬. 방가 떨거지들아. 조선 기자들은 논문 써 본적도 없을 것같네,SE,,,,,
ㅇㅣ 아지매 보니 섹. 기.가 줄줄흐르네,SE,,,,,
저 아줌마 젖떨어질뻔,SE,,,,,
평화롭게 무기고털어 발기한 무장공비들에게 넘기는구나 ㅋㅋㅋ,SE,,,,,
여자애들 몸매는 좋아보이네,SE,,,,,
찌찌가 보이길래 저선수 미쳤네 그랬는데 트렌스젠더 ㅋㅋ,SE,,,,,
누나멋져요~~오늘 지렸음,SE,,,,,
마스터베이션 올림픽 이 말이 일본에게 어울리는 말이다,SE,,,,,
바보 둘이서 웃통벗기기 시합하는줄 알았네.,SE,,,,,
호기심 이 발동해서 잠깐 만졋다가   벌금5.700 만원  후덜.덜하네...,SE,,,,,
그 다음엔 죄수들이 국가를 상대로 소송할 차례다. 왜 우리 앞에 여자 교도관을 넣어서 우리가 몸부림치게 만들었느냐고.,SE,,,,,
고 #@이름#씨가 떠오르네. 그사람도 셋스를 알려주겠다며 여부하에게 껄떡대고 성추행한거 들통나니 쪽팔려서 자살했는데.,SE,,,,,
결론이머여 성매매를 했다고 안했다고? 그것이궁금하다,SE,,,,,
아프카니스탄사태에서 여성에 촛점을 언론방송한다면 마치 베트남의 비트다 트랩이다. 평등보다 자유가 보통일반의 조화며 남녀생식의 사랑이며 페미니즘보다 인간이 원숭이가 아닌 사람이다. 방점은 무기보다 균형이며 연동비례보다 독립은 화합에서 자주하는 문화코딩이다. 두고볼 일이 #@이름#의 기자회견과 녹취는 역사의 기록이다. 베트콩나물의 히피니즘,SE,,,,,
한국이면 여성을 성추행하려한 바다표범으로 몰려 사형,SE,,,,,
6살짜리한테 포르노 만화라니. 우리 애한테 그랬다면 머리카락 쥐어 뜯었을 것 같다,SE,,,,,
댓글 문화에 성희롱은 한남들의 종특인거 같다. 예쁘면 성희롱 못생기면 인신공격. 얼굴 몸매 품평 극혐. 지들 모습이 어떤지 거울이나 보고 말하지 ㅉ,SE,,,,,
정말 막말하게 하시네요 ㅋ   ji  라ㄹ  들 합니다 ㅎㅎ원래 여자였으니 임신한건데 뭐가 신기해요?남자에서 여자되고 여자에서 남자되어 만난커플. 우습지않나요?  그냥 원래대로 만났으면 될것을 뭐하는건지 쯧쯧쯧.대한민국도  요지경되기전에 차별금지법.평등법.건강가정기본법개정안  막읍시다. 반드시 막읍시다,SE,,,,,
한국놈이 서양여자 데리고 살기엔 육체적으로 별로 안맞지 ㆍ,SE,,,,,
사상 최대 자존감 회복 자위대회,SE,,,,,
의사 마누라 성매매는 놀랄일도 아닌걸 한국을 보면 알게될거야,SE,,,,,
매춘부겠냐ㅋ k#@이름#겠지.,SE,,,,,
문란한 성생활 이라고 해서 인간 쓰레기 민주당 대깨문 놈들을 얘기 하는줄 알았다..,SE,,,,,
한국 퇴폐 문화의 창시자 #@이름# #@이름# 그 시절을 보는듯 하다 서양은?? 물론 그네들도 엄청 났었지 일본?? 두말 하면 잔소리지 ! 중국에도 하루 빨리 패미운동이 시작되길 간절히 바란다 !!,SE,,,,,
#@이름#형이 콘돔을 잘 썻으면 #@이름#*이 안태어났을텐데....,SE,,,,,
거시기 커지는 부작용은 없나요.제 거기가 많이 짝은데 그런 부작용도 생겼으면 합니다.,SE,,,,,
그래도 대통령은 간단다.!!! 이게 우리 나라의 국격이다!!자위하는 대통령 !,SE,,,,,
감독 인터뷰를 본사람?저게 감독이 할말이가?우린 금메달이 목표가 아니다?그럼 올림픽 왜나갔냐?묻고싶네  감독 인성이 저런데 뭘ㅋㅋ. 기대하겠엉ㅋㅋ 우린 일본에서 술먹고.여자끼고 놀다오는게 목표였나봐ㅋㅋㅋㅋ,SE,,,,,
저여자 곧 탈레반장님 헌테 따이것네 ㅠ 으휴,SE,,,,,
이 분 빤쓰부터 벗겨봐야 합니다~~ 그렇지 않고서는 허벅지 근육 저럴수는 없습니다! 어제 경기보면서 경악을 금치 못했네요~~ 완전한 수컷이야~~,SE,,,,,
지들도 여성인 엄마의 자궁을 통해 세상에 나왔다 근데 여성의 인권이 짐승보단 못한곳이라니,SE,,,,,
어디 강아지 고추 처럼 생긴 놈이 말하는 꼬라지 보소,SE,,,,,
기모노 가스나 확실히 찔러주세요,SE,,,,,
난민 오면  예쁜 여자 데리고 가야지 ㅎㅎ,SE,,,,,
말이 성매매지 1원 받고도 했음 욕구불만이 원인. 이래서 동양계 남성은 미국계를 여성을 만족시킬 수 없음. 사이즈에 대한 갭이 구조상 해결이 안됨. 여자들 바람피우고 결국 헤어지는 이유가 말을 안해서 그렇지 잠자리 욕구불만이 다반사임.,SE,,,,,
흠 뭔가 여자가 #@이름#처럼 일부러 자빠뜨리려는 낌새가 보이는데…부자연스러움,SE,,,,,
올림픽 기념사진 꼭 찍고 싶어서 발정난 재앙이 일본이 이렇게 무시해도 방일취소 발표 없죠?,SE,,,,,
정자는 누구꺼?,SE,,,,,
당연히 배상해야죠~~  침대에 9명? 그런침대에 손님들을 모셨다?? 그런 침대가 아니고 고급일수도? 똑똑한 일본 분들이니 공론을 ~~부탁합니다,SE,,,,,
저 아줌마 엄마야 젓소야 ...,SE,,,,,
이번엔 또 람다냐...에휴,SE,,,,,
와 진심 찌질하다. 무슨 연예인이나 해서 하는짓거리가 미성년자 속여서 강간하기냐. 중국 미성년강간 형량 높다는데 거기서 제대로된 처벌이나 받아라.,SE,,,,,
까치탓하면서 일부러 죽였겠지남친넘 뭐 빨아주려고 3세짜리딸 보일러 이빠이틀어놓고 방치해서죽인 OOO보단 똑똑하네,SE,,,,,
성관계해보고 선택하는것보다 낫겠구만 뭘~,SE,,,,,
좃국 좋아하는 귀집년들 보는듯,SE,,,,,
우리나라 는 똥꾸녕 낑기는 레깅스 나 똥꾸녕 낑기는 핫 빤쓰 입고 허는디..,SE,,,,,
사토구니냐 사타구니냐,SE,,,,,
떡치다가 골로간다~~~골판쥐,SE,,,,,
여자는 남자를 즐기는 도구로 생각했는데 갑자기 인간의 입장에서 불쑥들어오니 황당했겠지! 즐기는 도구는 도구일뿐 정은 주지 않았다는 저 냉정함에 감탄했음! 앞으로는 딜도를 이용하시길! 살아있는 도구는 불쑥불쑥 들이밀수도 있으니 목숨 유지하려면 무생눌을 이용바람.,SE,,,,,
이 개 뉴스라고 기사쓴건가? 기사거리 없으면 쉬어라. 나랑 뭐 할 사이도 아닌데 쓸모없다.,SE,,,,,
발랄하네 몸으로 갚아야할듯,SE,,,,,
한국도 미군없었다면..일본.중국 .북한.러시아에 둘려 돌림빵 당하거나 실효지배 당하고 있었을듯  미군이 버티고 있으니  그나마 평화가 유지 되는거 한국 국방력은 저  적국들과는 전력차로 절대 못이김 한국 최강이라고 자부하는 국민들있는데  절대 임,SE,,,,,
특히 흑인 공격수 몸이 거의 남자던데 의심스럽다,SE,,,,,
항상 여자 조심하라...여자만 보면 침을질질 흘리는 추한 노인들에게 경종을 울려주는 기사다..,SE,,,,,
그렇게 입고??? 나중에는 비키니 입고도 탑승하겠다고 하겠네. ㅉㅉ,SE,,,,,
#@이름#   이가    수청 들 라    하겠네~~~~,SE,,,,,
그나라 들은웃겨 여자를그리 무시한꺼면낳았을때바로 엎어버리든가 ㆍ그짓 할때만 필요한건가 뭐야,SE,,,,,
거기나 여기나 정력이라고 하면 환장,SE,,,,,
잘먹어서 얼굴에 살 오른거 봐라. 어이가 없다.,SE,,,,,
ㅋㅋㅋㅋㅋㅋㅋㅋㅋㅋㅋㅋㅋㅋㅋㅋㅋㅋㅋㅋㅋㅋ뒤엉켜잇으니 볶음짜장?,SE,,,,,
바다 앞에서 ㄸ좀 그만치지 그랬어,SE,,,,,
피부만 안좋지 얼굴 이쁘고 몸매 착하니 좋은남자한테 시집갈듯,SE,,,,,
ㄲㅊ가 항상 문제다,SE,,,,,
귀태 #@이름# PC 근친야동??,SE,,,,,
호텔에서 물다빼고 무슨재주로 이기나,SE,,,,,
남자나 여자나 정말 아랫도리 조심해야~,SE,,,,,
아무생각없이 또다시 일본 여행인가? 가셔서 후쿠시마 원전수에 코나 박고 오세요...무엇때문에 가는지 모르겠다..#@이름#은 부부관광단인가? 자위대를 위해 자위행위하러 가시는가?,SE,,,,,
그나마 비키니도 안입으면 누가 보겠나~,SE,,,,,
림프절이 부으면 안좋은데......겨드랑이 쪽이 땡땡 붙는거에요. 면역이상반응이고 이게 또 어떤 부작용으로 이어질 지 알 수 없음. 어휴 킬킬거리는 니들은 코로나 부작용으로 발기부전이나 겪으세요. 후사를 되도록 안남기는게 나라를 위한 길일듯,SE,,,,,
요즘 중국인은 백신 맞으면 우리나라 입국 바로 되는데 한국인은 백신맞았어도 2주 격리해야 된다며? 외교는 상호주의 아니냐? 중국이 #@이름# ㅅㅅ테이프라도 가지고 있냐?,SE,,,,,
피임도안하고 8명이랑햇는디 임신도 못시켯네 고자시키네 ㅋㅋㅋㅋㅋㅋㅋㅋㅋㅋㅋㅋㅋㅋㅋㅋㅋㅋ,SE,,,,,
한국 페미들이 좋아할 얼굴이네! 탈 코르셋,SE,,,,,
부정한 여자한테는 투석~ 돌을 던져 죽인다는데~ #@이름#님이 부활하시어~ 너희들 중 죄없는 자만 돌 던져라~ 명언 중에 명언이다. 마음의 간음도 간음이다. 한번도 마음으로도 간음 안한 사람만 돌 던져라! 이에 #@이름#께서는 구겨진 만원짜리 지폐나 신권 만원짜리나~ 다 만원 가치가 있다.,SE,,,,,
20대때 흑인 정치 브로커였던 60대 #@이름#한테 가랭이 벌려주고 정계입문한 #@이름#.,SE,,,,,
일안하고 그짓만 할까봐 물어봤겠지 ㅋㅋ,SE,,,,,
우리나라 성매매도 탑일텐데 이것도 합법화하자!!,SE,,,,,
입으로만 자기치적선전하니 공산주의 신봉자들답다더듬어 민좌당출신들백신은 들여왔니?이한심한 문정권아재난지원금 마서라 무슨 핑계로 세금 몇배로 뜯을래#@이름#은 아직도 국민기본소득 기본주택타령그냥 사회주의해라,SE,,,,,
구1녕동서들 서로 운 없다고 그러고 있겠지. 쟤네 반성 안 한다.,SE,,,,,
얘들아 아저씨도 좀 괴롭혀줘 ㅎ,SE,,,,,
#@이름#씨 단순한 실수도 아니고요..오해도 아닙니다.어떻게 친형제도 아니고 옷만 입었지..엉덩이를 남편 허벅지에다 갖다 앉히나요? 민망하네요..진짜..뭐 본인삶이니 알아서 하겠지만 어후 완전 이미지 꽝이네요..저같으면 용서못할 일이죠.,SE,,,,,
아재 일본 야동 느므 마이 보셨네 ㅋㅋㅋ,SE,,,,,
이래놓고온갖 찢어진 옷입고 누구봐 달라는식으로 노출시키고 누가 유심히보면?성추행으로고발? 이게 조선똥개 청년들의 DNA 내말 틀렸으면답똥 싸질러봐앞에대놓고 똥사지르면 누날이 틔나오도록 패 주겠건만,SE,,,,,
만약 남자가 저랬다면 난리났겠지 ㄷㄷ,SE,,,,,
#@이름#야 니도 정신이 있니 돈이 몹시 궁한 모양이네 역시 딴따라는 어쩔수 없구나 이런 시국에 공연이라 저작권도 만만치 않게 들어올 건데 어디 쪽발이(#@이름#) 노래 부르면서 웃기고 있네 인간아 가수로서는 훌륭  하지만 아랫도리는 그렇다 그리고 과거 기자회견때 억울하다고 하면서 바지를 내리려는 행동은너무 하지 않았니 너는인기를 먹고사니 그런건 감수해야지,SE,,,,,
솔칙히 말해 상대방한테 질려서 이성으로 안보이고 흥분이 안된다고. 새로운 상대면 다시 불 붙을껄.,SE,,,,,
여자들이여 조심해라! #@이름#는 여자 거시기 찢기 선수란다!,SE,,,,,
바지벗는 것 봐야하는데. ~~#@이름#~~,SE,,,,,
미친아줌마 욕구 불만이냐?!!! 머리털 확!!!,SE,,,,,
버얼써 딘장 발라켰다고바야지.몸에좋고 정력에 좋은 곰쓸개가 도라댕기는데 개풀어서 지역유지 뱃속을 뒤지는게 더빠르지.좋다면 양재물도 마신다잖아.그근성 어데가겠어? 그느메 정력타령에 조선8도에 남아나는게있더냐,SE,,,,,
섹스는 안땡기고..그렇다고 밖에서 딴사람이랑 하는 꼴은 못보겠고..슬픈 어른들의 이야기,SE,,,,,
뉴데일리가 어디야? 뽀르노 잡지사 아니야?,SE,,,,,
호텔로 유흥업소 접대부 불러 논거지? 하여튼 혈기왕성하니 성접촉이 더 문란할듯?,SE,,,,,
이거 완전히 맛탱이갓구만 때리치고 딜도나팔어라 쨔샤,SE,,,,,
떡검 시키들 떡이나치고 룸빵이나 다닐줄 알지 썩을대로 썩은것들,SE,,,,,
여자들이 각 구단의 선수들과 숙소에서 술자리를 연일 갖었다는건 그 여자들이 사적 흑심을 갖었거나 선수들도  여자를 밝히는  자들이겠지.,SE,,,,,
이제서야 알았으면 늦지 않았으니 다음 선거에서는 반드시 족꾹 춤얘 같은 무뇌 포퓰리즘 내로남불로 똘똘뭉친 더부러만졌당은 찍지 마시길...,SE,,,,,
#@이름#이 임자 만났네 ㅋㅋ,SE,,,,,
뻔할뻔자 아녀  남녀가 모이면 뭐하겠어  호텔방 급습해서 DNA검사해봐  #@이름#*  ㅁ  #@이름#운녀   ㄴ  만이 있었다면 프로야구 해체해라,SE,,,,,
남자나 여자나 비호감이면 아무리 돈 많아도 거르게 되는것 같음 ㅋㅋㅋ 걍 그렇다고요,SE,,,,,
그딴짓 할려고 수술실 cctv 설치 반대하는구나!! 반대하는 의사x들은 다 그딴짓하거나 대리수술 시킬려고 하는거 맞지?? 대집아!!,SE,,,,,
65뱀띠는 같은데얘는 몸이   왜그리늙어보이냐그렇게  세상을 이분법으로 살면좋냐. 살다보면. 산전수전다격는것을너자신이 ~~너가족이~~~참. 앞날에 혹은 사후에도꼭 그댓가를 치르기를 기원하마이름하여 국민기만죄. 대국민 알로본죄.,SE,,,,,
느그 애비는 여성한테 어쩜 그럴수있냐???,SE,,,,,
그나이에 담배피면서 남자 성기만진 가시나 참 앞날이 깜깜하다,SE,,,,,
#@이름#의 위기 아니냐?ㅋㅋ 공정과 정의의 상징이 알고 보니 가족사기단.ㅋㅋ 얼마나 뒤를 봐줬을까.ㅋㅋ노인네들도 손절하고 있는데 조성일보만 또 빨아주는구나.ㅋㅋ 근데 줄 잘못섰다.ㅋㅋ,SE,,,,,
전국 확대해라~~발정난 애들 전국 원정 다닐께 뻔한데~~,SE,,,,,
잘주는 여자를 배우자로 만나길!,SE,,,,,
룸살롱 문턱이 닳도록 드나들던 것들이 꼭 도덕군자처럼 굴더라만. 대통령 마누라는 뭐 성녀(聖女)로만 뽑는답디까?” 와르르 폭소가 터졌습니다.,SE,,,,,
응. 재벌이긴 한데 넌 첩의 자식이야. 본부인피눈물나게 한 상간녀의 자식이지.,SE,,,,,
일은 할 줄 모르고 주댕이는 나불 거리고 남의 공은 가로채고  제 잘못은 남 탓하고 빨갱들에겐 굽신굽신 여직원 엉덩이는 만질만질 끝도 없는 반일만 개거품 동맹과 우방은 쌩까고...  586  종북 주사파 정권의 실체를 똑바로 봅시다.,SE,,,,,
일단은 아가라고 봐주지 말고 빨간줄 그어라 그래야 큰인물 되지 못한다...나중에 정치한다 저런애들...그냥 빨간줄 지데로 그어버리고 여자애는 몸팔아야 먹고 살게하고 남자애는 보도나 하게 만들어야한다. 불법을 처벌하는데 제발 옵션달지 말아라 피해자의 인권을 무시한 범죄자는 인권이 없다.,SE,,,,,
드러븐 놈들 왜 하필 화장실에서 그짓을 할까 모텔로 가면 누가 뭐래.? 성소수자 같은 소리 하고 잡빠졌네,SE,,,,,
떡을 치더라도 마스크는 쓰자,SE,,,,,
팬이랑 술자리 했다고 하더니 ㅋㅋ 접대 여성이랑 은밀한 술자리? 잠자리?를 했군 ㅋㅋ,SE,,,,,
먼 일? 밤 일? 웃기는구나!,SE,,,,,
바지 내린다던 #@이름# 아니야?,SE,,,,,
둘이 배꼽이라도 비볐나?,SE,,,,,
#@이름#*도 러브젤교회 전빤스도 정말 웃긴다. 전빤스 코로나 확산 집회에서 #@이름#* 수차례 연설해 놓고 이젠 #@이름#* 전빤스 러브젤교회 대면예배 금지하니까 전빤스는 #@이름#* 맹비난하네. ㅋㅋㅋ 이익에 따라 이합집산하는 쓰레기들답다.,SE,,,,,
부인은 무슨? 접대부지,SE,,,,,
중환자도  10명  이상인데  최초  이상이  2일부터라고  했는데  2주동안  정부  국방부는  뭐했냐?  2주전에  확인했으면  바로 데려왔어야지.  어떤놈이  독감취급해서  이런지경까지  왔냐?  정부  국방부  국회  정신  안차리냐?,SE,,,,,
걸레출신다운 발언이군. 걸레를 아무리 빨아 봐라. 행주나 수건이 되지 못하지.,SE,,,,,
다음은 수간물입니다만 그때도 응원 부탁합니다,SE,,,,,
했네 했어 ㅉㅉㅈ,SE,,,,,
옴마야~   어린것이 발칙하네,SE,,,,,
요즘엔 저러고 노나바....기절시키고 여학생이 남사친 성기만지고...,SE,,,,,
야구선수들 집단 동서 시스템 구축??,SE,,,,,
고추가 컷나보네,SE,,,,,
중*. 여학생은 남자것을 주저 없이 만지는데 이거 이거 어이된 일인가? 습관적인가?,SE,,,,,
기자들 앞에서 바지 벗어야지,SE,,,,,
따라 호텔방까지  간것도  문제가  있내   다~~   알면서,SE,,,,,
양양서 비키니에 남자들하고 부비부비하고 가관도 아니에요 마스크도 안쓰고,SE,,,,,
전국각지에 애인이 다있다 원정가면 숙소로 부르는건 아주 오래전부터 있었던일이다.그걸 새삼스럽게 지금와서 떠드는거임??유부남 총각 할거없이 숙소로 애인 부르는건 모두 같은급 유부남인거 알면서 만나는 여자들도 잘못된거지 돈이 좋은건가?아님 다른게있나?ㅎㅎㅎ,SE,,,,,
모텔가서해라...아무데서나 쑤셔박지말고,SE,,,,,
뭐 이러쿵 저러쿵 다 이해해도. 마누라를 온국민이 돌려 먹었는데... 이건 아니지.,SE,,,,,
조선 일보 화이팅  실명공개하고 이번기회에  팬들이 몰랐던  성 파티  종식하자  아니  성매매 합법화  도 해라  성매매 불법 이라도  지식인들  할것은 다 하고  OOO 에  그룹에  다 한다  과연 야구만  그럴까  ?   축구 .농구. 배구 은 없는겨  체육회가  나서 경찰 고발 하고  성 관련자 있으면  다 퇴출 시켜라  . 스포츠계만  그럴까 ?  연애계 .언론  . 뒤 구멍으로  할짓 다  하고 다니겠지,SE,,,,,
리죄명이가 압박을 벗어나는 길은 거시기를 잘라서 증거인멸하는 수 밖에 없어보이는데...,SE,,,,,
아니..발정 제대로 났구만..진짜 면접왔던 취준생한테 저랬단거야??? 와..,SE,,,,,
이거는 일반 남자들이 기분나빠하고 들고일어나야 하지않음? 여비서를 고용하지않아야 할정도로 그렇게 성욕이 관리가 안되고 자제력도 없고 줏대도 없는데다가 잠재적 성범죄자 취급한건데?그냥 평소대로 일터에선 그냥 일만 하면 되잖아 뭐가 문제..?,SE,,,,,
아오 c. ㅂ 빈약한 몸좀봐라;;;; 욕나오고 눈버린다,SE,,,,,
교회는 참 아름다운 곳이지~ 교회오빠도 만날수있고 교회 집사 장로 목사 신분으로 추행도 할수잇고 얼마나 좋아~ 불교엔 이런거 읍자나?? 천주교 이런거 읍자나?? 오로지~ 교회에서만 할수잇잖아?? ^^ #@이름#이 시켯어요~ #@이름#님이 시켯어요~ ㅋㅋㅋ 에라이 코딱지에 파묻혀 죽일넘들아 ㅋㅋㅋ,SE,,,,,
더러워 몸파는 년이나 여자찾는 놈들이나 ㅉㅉ,SE,,,,,
-저 변태 화가 붓쟁이 조슬 삽으로 내리쳐서 거세시키고 눈알을 산채로 뽑아 여성을 보고 흥분하지 못하게하라-,SE,,,,,
#@이름#는 지 남편 성추행하고 자살한게 자랑스러운듯 추모하고 자빠졌으니 이게 나라냐,SE,,,,,
.이부선을 꿀꺽 한놈이 그래도 저사람들은 여자에게 돈은 준다...,SE,,,,,
십서방 빼박이네 골프치고 향응 접대부 #@이름#와 함께 밤을 지세웠지??? ㅋㅋㅋ,SE,,,,,
맞아요  착하디 착한  우리4명이  여자불러다놓고  술마시면  히즉히즉 할  선수가  아닙니다. 꿈이겠죠. 이상  엔씨구단이  상상한  꿈입니다. 고럼  그런선수들이  아니야.#@이름#.#@이름#.#@이름#.#@이름# 선수는  잠꾸러기 입니다. 에  라  이,SE,,,,,
아유 심사위원들에게 몸대주면 불가능한 일도 아니지유잉!!,SE,,,,,
유흥업소에서 바지내리려나?,SE,,,,,
국민 딸같은 여성 좋아하는 힘 #@이름# 보고있나?,SE,,,,,
멋있어 보일려고 고개 져치면서 머리 뒤로 쓰다듬는다는 연출 전문가께서 이번에는 차라리 누드를 보여 주는 연출을 했으면 대깨조들이 비명을 지르며. 좋아 했을텐데.!세상에 나이 쳐먹고도 저러고 싶은가.? 관종도 저런 관종이면 정신병 말기수준 아닌가.?마누라는 감옥에 있는데 부끄럽지도 않은지.? 모자란건가.? 쑈를 하는건가.? 보는 사람들이 민망해서 얼굴 벌개 지겠네.!ㅉㅉㅉ,SE,,,,,
조카뻘돼는 남자 거기가 그리 좋냐??얼마나 못났고 성격 안좋았으면 36살까지 시집 못갈까???,SE,,,,,
에라이 발종난 byung 쉬인들아,SE,,,,,
너는ㅂ(12345ㅗ)ㅈ(12345ㅣ)를죽창으로찔러광화문에매달아놔야할뇬이다,SE,,,,,
결혼전에 성관계 하라고 숙박지원금 줘라 갈때까지 가는구나 이정부는,SE,,,,,
구멍덩서지간 야구선수가 몇명이나 될까? 한 100명정도는 될듯..,SE,,,,,
웃긴것은 유흥업소 여자들이 아니라고 말하는게 더 웃기다. 저것들 #@이름# 빼고 다 유부남 아니야? 그럼 죄다 불륜이네? 그리고 과연 술만 먹었을까? 먹고 마시는것보다 더 확실한 감염은 키스만 해도 바로 걸린다고 하던데 과연 술만 먹었을까? 함께 있었던 여자들 숨기는것 보면 더 얘기할 필요도 없는듯...,SE,,,,,
섹스도 못하나? ㅎㅎㅎㅎ 역시 대가리 깨진넘들이여 ㅎㅎㅎ,SE,,,,,
옛날 #@이름#장군께서 황금을 돌같이 보라했거늘..황금은 물질이고물질이란 물이 나오는 질.곧 여성의 그곳.조심 또 조심,SE,,,,,
승리빨던 여자들다어디감? 마약하고 강 ㄱ해도연예인은멋잇다면서 자기능욕해도좋다던데내로남불,SE,,,,,
여가부도 문제지...근데 우리 문통께선 군추행때문에 격노하셨단다.....에라이 사발면들아,SE,,,,,
여자 꼬실때 아픈곳이나 장애 있는 부분 보여주면 되구나...#@이름#는 #@이름# 혼자일까??,SE,,,,,
인간의 탈을 쓰고 작작해라!! 자기 가족만 챙기던 인간이 나라를 쥐고 흔들던 국정농단질의 환관질까지하다니!! 변명할수록 더욱더 수렁속으로 빠져가는 역대최악의 가족사기단!!,SE,,,,,
자지나 기증해라,SE,,,,,
할맘없게 만든  남폰들은  반성하자. 자신없음 이빈후과에서 비아그라.팔팔등 힘을 빌려라. 밤이 아름답고 내 여자뿐 아니라 옆집ㆍ압집 밑집 윗집  모든 여성들이 진심 이쁘게 보인다. 20대 초반으로 거기만 돌아간다.약효과 24시간이다.집  귀가전 한번 집에서  한번  새벽에 밖에서 한번??돈도 많이 들더라ㆍ,SE,,,,,
모텔가서 하지 왜 화장실에서?...,SE,,,,,
막내딸 친구... 매주말마다 오는데... 아저씨는 절대 그런 사람 아니다... 아저씨는 성숙한 여자만 좋아한다...,SE,,,,,
동성애=정신질환. 생물학적으로 비정상적인 짝짓기행위로 몇몇 종에서 희귀하게 동성짝짓기가 관찰되는 경우가 있지만 자연스럽게 생태계에서 도태당하는게 정상. 인간사회에서도 도태당해야하고 정신과치료를 받아야하는 질병.,SE,,,,,
야 이 OOO 만도 못한 놈들이 똥싸고 오줌싸는 화장실서 별 회괴한 짖꺼리하고선 뭔 동성애차별 ! 뭔 개소리야하고싶어면 너거 집구석에서나해라 정신병자들이 돌아가지고 똥오줌도 제대로 못가리는구나 에이 퉤 퉤 더러운세상 구역질난다ㆍ저놈세끼들 벌금을 최대로 때려라,SE,,,,,
순결? 결혼할때 조이는 수술만 하고 눈물만흘려주고 니가처음이야하면 어차피 한남은 모금,SE,,,,,
비리로 조사받으러 들어간넘이 여권 회유설로 폭로자로 이미지 변신 ㅋ 캬~ 적이지만 조선일보 클라스에 부랄을 탁치고 갑니다,SE,,,,,
선동질만 오질나게 하고 헛발질만 하는 재앙이 ㅋㅋㅋㅋ 쩍빠리말이 팩트였다..자위하네 ㅋㅋㅋㅋ,SE,,,,,
#@이름# 빤스 ㅋㅋ,SE,,,,,
펄녀 비슷한 그런것인듯 성매매는 아니고 소개팅 주선등등,SE,,,,,
눈밑이 꺼먼게 #@이름#도 그렇고 밝히게 생겼어,SE,,,,,
세명이하면 쓰리섬이라던데 여섯명은 머라하지 긍데 유부들 아닌가?,SE,,,,,
술집에서 일하는 아가씨인거 딱 사이즈나오잖아 ㅋㅋㅋ 유흥업소 업소 운영 제한되니까 아가씨들이 술들고 방잡고 시간단위로 끊어서 파는거지 뭐야 ㅋㅋㅋ,SE,,,,,
지들편에 돈 퍼주고 자신은 여자 냄새나 킁킁 거리고 다녔군...,SE,,,,,
별 미친 면접관 이네...애로배우 오디션 본것도아니고..,SE,,,,,
??랑 누가 하고 싶겠어요 ㅋㅋㅋㅋ,SE,,,,,
정말 믿을만한 여자 아니면 한순간 욕정으로 한번뿐인 자기 인생 작살 내지 말자 그냥 호르몬의 장난이겠거니 조용히 크리넥스 티슈를 뽑아라. 그나마 내 올챙이들을 위한 최소한의 배려와 사치 정도는 허용 가능. 여전히 변호사 사무실 상담 및 의뢰 건으로 순위 안에 있는 건 강간 및 준강간 치상이다.,SE,,,,,
돈주고해~ 발정난 개야 아무나 잡고 하는거 아냐,SE,,,,,
그건 여성단체랑 따져볼일이고 당신들의 남편.아버지는 성추행범에 들통나면 개쪽팔릴까봐 자살한것임. 본질을 물타지마라.,SE,,,,,
사정은 남자가 하지 여자가하냐??,SE,,,,,
에휴 술집나가는 여자들이나 가서 먹는남자들이나,SE,,,,,
따님 그러면 몰혀? 성추행인데 조용히 있어라 당신들이 그럴수록 부친의 범죄행위만 더 상기시키는꼴,SE,,,,,
마음에 드는상대가있으면 술먹지않았을때. 시도해야지 그래도 안되면 돈주고사야지,SE,,,,,
경기 끝나고 룸싸롱 가야 하는데 못가니까 부른거냐?,SE,,,,,
콘돔은 제대로 끼고 했나 모르겠네...,SE,,,,,
나도 이쁜 처녀들 보면 안아주고 싶지만 손대지 않는다!! 부끄러운줄 알아라,SE,,,,,
내로남불의 대명사.더듬어 만진당이 영입하면 되겠네,SE,,,,,
구단에서 방값제공하는 성매매한듯,SE,,,,,
동성애자는 모텔 갈 돈도 없나~ 차라리 야산으로 가.,SE,,,,,
아니 할머니를 보고 성욕이 생길까,SE,,,,,
돌리고돌리고 ㅋㅋㅋㅋ 여자둘  대단하네ㅋㅋㅋ,SE,,,,,
#@이름#씨 당신이 원하는 게 도대체 뭔가요? 그래서 불륜했다는 거 법적으로 인정 받고 싶은거요?,SE,,,,,
반대로 피해자가 여자였고 목조르고 여자 성기에 손 대고 남자 중딩들이 낄낄댔으면 어땟을까? 똑같이 처벌해라 알겟냐..... 지켜본다,SE,,,,,
쯔쯔쯔 성병 마눌에게 다 옮기것다!!운동하는 놈들 왜 저래???주사파 운동것들도 엄청 밝히긴 하지!,SE,,,,,
분명히 밝혀졌다. 우리군을 무력화시키고 #@이름# 북괴 빨이하는 좌빨들 자유대한민국 국민이 처단해야한다,SE,,,,,
ㅋㅋㅋ 니들이 무슨 성범죄피해자들 도와줬엌ㅋㅋㅋㅋ,SE,,,,,
제사상에 여자 팬티몇장올려나라 그게 원숭이가바라는바다,SE,,,,,
2년들은 술자리만이냐 잠자리도냐,SE,,,,,
일반인 팬? 아랫방망이 팬이냐? 성판매녀 2천 세금 퍼주지말고 나라에서 등록해 관리해라. 결혼시 상대동의하 이력 통보해주고. 꽃뱀무고*위해외원정성매매*위 정신병 페미메갈민국,SE,,,,,
세크스 한 번 했다가 꽃뱀한테 걸려서 인생 망치는 것 보다는 낫지,SE,,,,,
맞는 말이네. 남자들은 위생을 이유도 묻지 않고 포경수술해버리는거랑 비슷하군? 형평에 반한다. 그냥 여자들도 자유로이 검사 받게 해라. 건강 앞에 남여 구분없다. 어차피 매일 수천의 처녀막은 사라지지.않는가. 태어나자마자 꼬추 살이 잘리는 거나 진배없다.,SE,,,,,
#@이름# 아주 팬티속까지 뒤지더니만.,SE,,,,,
미친 변태교육자가 애들을 가르친다고?,SE,,,,,
저렇게 해도 민주당 지지율이 40나오는데 뭐가 변하겠어요.,SE,,,,,
아이돌 하다보면 여간한 정도로는 만족이 안되지.그래서 마약찿고 집단 난교를 하게 되고.,SE,,,,,
페미니즘이 뭘 지향하는지도 모르면서 페미 싫어하면 여혐이냬ㅋㅋㅋㅋㅋㅋㅋㅋㅋㅋ,SE,,,,,
결과를 보면 판사들이 색스 중독자들인지 아닌지 알 수 있겠지,SE,,,,,
#@이름# 맞으면 안되는 인간들이 많구나. ㅋ#@이름# 비아그라 없으면 사람구실도 못하는 것들이...ㅋ,SE,,,,,
남학생이 여학생 성기만지면 범죄고 여학생이 남학생 성기만지면 장난임?ㅋㅋㅋㅋ 에라이 남혐민국,SE,,,,,
차별이야기하지말고 하고싶으면 모텔가서 해. 별 ..,SE,,,,,
아니.. 숙소까지 원정가서 팬티 내려야겠어요??? 휴 제발 좀 그만 하세요!!,SE,,,,,
저것들이 애들이냐 싸가지없는 쉑기들 치사하게 25명이서 한명을 그렇게 패냐 그러고도 남자섹기냐 꼬추 때라섹기들아 부끄러운줄알어 이런섹기들 제발 가중처벌 받게하자 OOO같은 촉법 폐지하고,SE,,,,,
아가씨가 야식이냐,SE,,,,,
내려오면서 까지 거짓말하네 역시 더듬어당 역겨운것들!,SE,,,,,
서울대야 교수들 연구비 부정수령하는거나 학생들 성추행하는거나 자식들 친인척 논문저자올려주는 그런 비리나 단속하고 교수들에 학업적 질을 높이데 시험이나 보지그러냐...그지같은짓말고,SE,,,,,
한국남성이 여기서 설치는것만봐도 여가부 필요성은 입증된거임 제대로된 남자였으면 여가부일로 웅앵안댐,SE,,,,,
젊은 닭대가리들 노마스크에 맘만 맞으면 성행위도 가능하겠네,SE,,,,,
동성애자 맞잖아. 지들이 공공장소에서 저렇게 해놓고.. 뭔..??,SE,,,,,
ㅋㅋ#@이름#..#@이름#..자사 중진 언론인이 두명이나 돈을 받아 처먹어 입건이 되도 기사한줄 안쓰고 이딴 네일베들떡이 자위용 기사나 써재끼는 조선 찌라쉬..과연 조선스럽다 라는 말외에는달리 표현할 방법이  없네ㅋㅋ,SE,,,,,
이런날 화장 떡칠해서레깅스입고 산보하겠답시고 꼬리흔드는것들이며..그 흘린보지좀 줏어먹어보겠다고 땀내 풍기며 OOO것들아..기나와서 덥다덥다하지말고집구석서 정신 좀 챙겨라.,SE,,,,,
왜 #@이름#처럼 늙은이를;;;  얘 부실하단 소문도;;  무엇보다 #@이름#은 정치색이...;;;,SE,,,,,
총각이라구라치고 꼬실려고 장애가진팔부터보여줬다? 어떤 미.칳놈이 여자꼬시는데 아픈팔부터보여주냐 말이돼는소릴해야지ㅉㅉ#@이름#나 따먹어라,SE,,,,,
참 거시기까지지도않았구만 공짜로숫가락꼽고있내,SE,,,,,
내부총질 그만해라 #@이름#..지겹다. 당 탈당 하고싶다. 도대체 #@이름#을 왜 지지하는겨?? 이유가 뭐여?? #@이름# 앞잡이를.,SE,,,,,
아마 #@이름#은 현재도 자위 중일것임.,SE,,,,,
남편이나 조심하라고 해요. 그쪽에서는 배운게 그거라서 언제 어디서 누구를 더듬을지도 몰라요~~ #@이름#라는 뜬소문에 대한 해명을 듣고 대체 변호사 양반이 할말이우????,SE,,,,,
내가 들은 말이 있는데 라마다 르네상스 나이트말고 *층에 접대룸이 있었고 정관계에 방귀 좀뀐다는 놈들이 자주 들렀다더라 그런데 나이트에나가요들이 *층에서 호츨하면 가기 싫어 했다더라왜 그랬을까 #@이름#는 잘 알고 있을테데,SE,,,,,
내리지도 못할거면서 니가 #@이름#아냐? 바지는 왜내려? #@이름#누나가 생생하게 증언하는데 거기에 왜 반박을안하는거야?,SE,,,,,
멍청하긴 누가 꽃뱀출신이라고 뭐라 했더냐 침대기술로 온갖기업인과 검사들 커넥션 역할을 했고 거기에 유착된 행위가 있으니깐 그렇지,SE,,,,,
#@이름#은 뒤에 뭐가있길래 이놈이고 저놈이고 똥꼬쇼 못해서 안달일까,SE,,,,,
친일매국부패언론 중앙이 패악질로 발악을 하는구나 화냥질한 년한테 돌은 못던질 지언정 그 썩고 악취나는 추악한 음부에 코를 박고 즐기고 있다니 !,SE,,,,,
여성도 아니고 다리벌린것도 흉이되나요,SE,,,,,
새로운 단어가 탄생했지!! 형보수지 가난음주. 검변사기. #@이름#....,SE,,,,,
ㅋㅋㅋ #@이름#이랑 형수부지랑 1% 차이라구?,SE,,,,,
토왜들이 야동 좋아하더니 영부인마저ㅋㅋㅋ,SE,,,,,
#@이름# 도지사직 내려 바지 내리지 말고,SE,,,,,
개 걸레짓하느라 #@이름# 할 시간이 없었나보군. 아무리 바빠도 작부는 반대다!,SE,,,,,
자위 외교 창시자가 하는일이야뭐 탁탁탁.....,SE,,,,,
음란물 넘쳐나는 시대라곧휴조심해야한다 항상 안그럼 결국 사고친다성욕앞에 장사 업꺼덩,SE,,,,,
니나 니 꼴니는 거 참고 아무것도 하지마라 OOO야,SE,,,,,
그럼 벽화를 치마를 들치고 만지작 거리는 그리면 되나..??..,SE,,,,,
형보수지를 찢어버리겠다는 자가 대통령되면 우리아이들이 뭘배울까?,SE,,,,,
다음 대선? 첫째 더불어만지작당 후보는 절대로 안된다. 둘째 제*지대 어쩌고 하면서 나오는 인간에게는 한표도 주면 안된다. 셋째 국힘당 경선에서 낙마한 사람이 정권교체에 협력하지 않으면 철저히 응징해 정계를 떠나게 한다. 딱 이거면 된다. 당내 #@이름#.#@이름#.#@이름#... 당외 #@이름#.#@이름# 등 누구라도 좋다. 많이 나와서 공정하게 경쟁해라. 다만 #@이름#류는 빠져라. 단순히 배신해서가 아니라... 진퇴의 때를 모르는 아집 때문이다.,SE,,,,,
바지 까서 점 있는 거 확인하면 되지^^,SE,,,,,
#@이름#아 지지율 15%이하면 사퇴해야할 마지노선 아닐까?파평윤씨 가문의 가장 노릇하는 교수까지 지낸 니 애비 속 탄다.어찌 한 여인이 집안에 들어와서 종친의 명예까지 더렵히는지 말도 못하고 끙끙.대선 후보 부인들중 이토록 지저분한 부인이 또 있느냐?결혼전에 뭇남성들과 자기 할짓거리 다하고 동거하다가 결혼했어?경험이 풍부해 좋턴가?국민들을 개돼지로 보지 않는 이상 어찌 객관적 판단을 할 것이다라 말을 해.남은 주관적 판단은 또 누가할낀데.키우는 개 숫자가 의미가 있어.양검사 대역을 맡은개 몇번째야.이름은?껴안고 좋아하는 #@이름#이.무뇌,SE,,,,,
Nc가 집행검이벤트 한후 폭망하는중인데. ㅉㅉ 그리고. 다음의상은. 란제리좀부탁,SE,,,,,
4050 대깨문들은 니네 배우자들이 운동권 혼숙 난교 파티 경험 없는지 함 알아봐라 ㅋㅋ,SE,,,,,
안녕하세요 저는 #@이름#와 함께 술따르고 몸팔던 #@이름#친구 #@이름#예요하면서 나오겠찌 한 45명은 섭외해놨을거다 대본과함께 수위조절 단계적으로 높이면서 ㅋㅋㅋ,SE,,,,,
와 누가 #@이름#를 이리 찬양하나 했더니 한걸래 ㅋㅋㅋㅋㅋㅋㅋㅋㅋㅋ#@이름# 좋겟네 #@이름#에 한걸레에 댓글도 대깨들 총 동원되서 찬양중이고 ㅋㅋㅋ,SE,,,,,
아#@이름#  대단혀  애는  숫말이  도데체  몇마리일가   백마 흑막 적토마 얼룩말  조랑말  당나귀도  애마는  어디나두고  바람을이렇게피워나  애마부인  이여,SE,,,,,
아이고 이 인간같지도 않은것들아 ㅋㅋㅋㅋㅋㅋ #@이름#가 턱걸이 사진 올린날이... 지 마누라 *심 징역 7년 선고받은 날이다 ㅋㅋㅋㅋㅋ #@이름#만 불쌍하다.. 남편놈은 턱걸이 자랑하면서 #@이름#이 같은 정신나간 뇬들하고 긴밤을 즐기겠지 ㅋㅋㅋㅋ,SE,,,,,
전과 최소 4범에 형보수찢이 남 수준 논하는건 아니라고 본다 ㅉㅉㅉ,PO,,,,,
지지자 여러분 진짜 국격이라는게 있어요. 제발 #@이름#은 아닙니다. 님들 주변에 전과 4범(정확히 4범인지는 모르겠어요.. 하도 유튜버들이 4범이라고 까대니까 씁니다)에.. 조카가 사형수에.. 형제간 형수에 봇지를 찌져버린다는 쌍욕하는 사람이 있으면 솔직히 상대나 합니까? 수십년을 여권 지지하다가 #@이름# 정권에 질려버려서 중도층에 머물고 있지만... 정말 그런 사람과는 우리 말도 안섞잖아요. 진짜 #@이름#은 아니에요. 국격을 생각해 주세요. 제발...,SE,,,,,
#@이름# 너 북한으로 가서 #@이름#하고 대권 싸움해!! 처형당하자말고~~ㅎㅎ 형수보지나 하는 폐륜아!!,SE,,,,,
국민들이여 이런데두 또 더불어만진당 뽑을겁니까?,SE,,,,,
더불근인민공산색스당 산하... 통일부는...!!! 실제 역할이... 북조선 적화 통일부...!!! 바로 이것이다...!!! 반드시 폐지 하라...!!!,PO,,,,,
보찢남 #@이름# 멋있다..그것도 형수것을..역시 상남자,SE,,,,,
난 맞다고본다 더듬어공산당늠들아,SE,,,,,
#@이름# 의원직 걸었으니 #@이름# 무혐의 나오면 헛소리 로 국민 기만하지말고 사퇴해라 남자가 한입으로 두말 지껄이면 불알 잘라버리고 꼬자로 평생살면서 반성해라,SE,,,,,
#@이름#가 영부인 으~~~~악 언간생심. 나가요 걸 술집이나 만들어 마담이나 해라????,SE,,,,,
한걸레는 걸러라.,SE,,,,,
#@이름#란 갓 결혼한 갓난 아기까지 있던 새색시가 있었습니다 물론 새신랑도 있었습니다 하지만 탐욕스럽고 부도덕한 색정 #@이름#(#@이름#*) 눈에 들어온게 그에겐 불행이었다 청와대로 강제적으로 불러들여 갔다 갓 결혼한 새색시의 완곡한 거절에도 금수만도 못한 짓을 당한 #@이름#! 결국 색정 #@이름#(#@이름#*)는 세인들의 눈이 무서워 결국 #@이름#를 해외로 추방해 버렸다! (인터넷 검색하면 #@이름#의 욕정 때문에 한 사람 인생이 짓밟힌 #@이름#란 여인 나옵니다),SE,,,,,
여자는 욕 종 먹고 같이 자고 모른척  남자는 매 좀 맞고 재산몰수해서 인민 나눠주는 척하며 두둑히 챙기겠지,SE,,,,,
말도 많고 탓도 많은 #@이름#이다.  유명연예인과 호텔 침대속 짝짓기와  형수에게 쌍욕  전과4범이  언론에서   뜨겁게 달구어 오르니까 방역핑계대고  따가운 시선을 잠시 피할려고 잔머리 쓰는중일것이다. 그러고도 남을 인간이다... 경계*호 인간이다.,SE,,,,,
\한국은 작은 나라지만 중국몽에 동참하겠다\ 하고 코로나 발생 초기 중국인 입국금지 반대하고 효과 의심스러운 시노백 접종한 중국인 격리 면제해준 #@이름#이는? 굴중(屈中) 매국노 #@이름#에게 입도 뻥긋 못하는 너희 내시들은? ㅋ,SE,,,,,
여기대깨들은.걸레가서놀아라잉,SE,,,,,
바퀴2마리 완죤 어울린다야한넘은 죽창가뜻도 모르고 왜놈 빨아돼고한넘은 왜놈 애비..,,,,,,
그래 기분이다 광주가서 언니들 끼고 한잔해라!  그 멤버들 있자너 다 데리고 가라.,,,,,,
사기쳐서돈벌어 입만열면거짓말. 나가요출신이,,,,,,
내용은 모르겠고 저 여자와 결혼할 수 있다면 당장이라도 이슬람으로 개종할 수 있다.,,,,,,
#@이름#의 누나 #@이름#의 말 뜻은 직업이 매매녀냐 아니나 하는 것은 고착관념. ( 여기서 #@이름#는 그 녀의 과거)를 잘 알고 있는 듯.,,,,,,
호텔에서 기집들이랑 치맥이나 해라 무슨 야구냐,,,,,,
얼굴예쁘군.근디 문섭자란방향이위로 쫙뻗은기 츠기삐는 상이네.가슴속에 맹수가 있다지.보식자의 상이다 ㅋㅋ,,,,,,
#@이름#는 무죄  ㅋㅋ 검사는 섹{자유,,,,,,
고추에 필러 맞은 루저들 백신맞고 고추 또 부으면 개이득? 쫌 웃기는데~~^^,010,1.0,0.0,0.0,0.0,
ㄹㅇ 페미년들 어떻게든 논리적으로 개소리 할라고 발악하노 ㅋㅋㅋㅋㅋㅋㅋ 보력 ㅇㅈㄹ 거울이나보고 오래살라믄 운동이나 좀 해라 제발; ㄹㅇ 존재자체가 그냥 필요가없노 ㄹㅇ 나가 디지는게 환경보호될듯,,,,,,
옛날 지돈으로 하던 막걸리 고무신 선거는 순진...국민세금을 지들 주머니돈 선거자금으로 활용하는 죄질 최악인 청년표 끌어모으기 포퓰리즘 선거!!...풍선효과 모르는 국민들도 많다고 판단하는 모앙!!...개돼지 백성들아...미군철수로 탈레반이 지배한 아프간...나눠먹기 포퓰리즘 정책 덕분에 인접국가에 남자들은 막노동팔이 여자들은 몸팔이 나선 베네수엘라...이 둘을 합친 나라 꼬라지 경험 못하면...정신 못 차릴 개돼지 백성들...안 됐다!!,SE,,,,,
남자는 이쁜 여자한테 너그럽습니다 마음이 우주같아지죠 악플을 달았다니 100% 여자입니다.,,,,,,
걸래신문의걸래기지가쓴걸래기사에대깨문들달려들어정신없이물어뜯고있는꼴이가관이구나,SE,,,,,
#@이름#아 물고 늘어지는 꼬락서니 보니 추하다 못 해 불쌍타 그러구 살고싶냐 니 딸이 얼마나 쪽팔리면 절연하고 살겠니 그만하고 애로 배우 생활이라도 하고 살아야지.,SE,,,,,
표얻을려고 치마속으로 들어가지 말그래요.,,,,,,
그럼 돼지 흥분제는~ 어찌 대통령못되서 몽닝으로~ 허~~~허~,,,,,,
날조가 취미인 좌빨련들은 칼빵이 답이지1,1,0.0,0.0,1.0,0.0,
